marca,modelo,categoria,conecta_por,plataformas,requiere,provee,no_compatible,nota
Kingston,DataTraveler Exodia 1TB,almacenamiento externo,puerto_usb_a,windows|macos|linux|notebook|pc_escritorio|ps5|ps4|xbox|smart_tv,puerto_usb_a,,,"Se conecta por USB comun, no necesita fuente ni instalar nada. Viene formateado para Windows; en Mac o en la consola hay que reformatearlo, que se hace en un minuto."
Kingston,DataTraveler Exodia 2TB,almacenamiento externo,puerto_usb_a,windows|macos|linux|notebook|pc_escritorio|ps5|ps4|xbox|smart_tv,puerto_usb_a,,,"Se conecta por USB comun, no necesita fuente ni instalar nada. Viene formateado para Windows; en Mac o en la consola hay que reformatearlo, que se hace en un minuto."
Kingston,DataTraveler Exodia 4TB,almacenamiento externo,puerto_usb_a,windows|macos|linux|notebook|pc_escritorio|ps5|ps4|xbox|smart_tv,puerto_usb_a,,,"Se conecta por USB comun, no necesita fuente ni instalar nada. Viene formateado para Windows; en Mac o en la consola hay que reformatearlo, que se hace en un minuto."
Kingston,DataTraveler Max 1TB,almacenamiento externo,puerto_usb_c,windows|macos|linux|notebook|pc_escritorio|ps5|ps4|xbox|smart_tv,puerto_usb_c,,,"Se conecta por USB-C. Si tu equipo solo tiene USB comun, necesitas un adaptador. Viene formateado para Windows; en Mac o en la consola hay que reformatearlo, que se hace en un minuto."
Kingston,DataTraveler Max 2TB,almacenamiento externo,puerto_usb_c,windows|macos|linux|notebook|pc_escritorio|ps5|ps4|xbox|smart_tv,puerto_usb_c,,,"Se conecta por USB-C. Si tu equipo solo tiene USB comun, necesitas un adaptador. Viene formateado para Windows; en Mac o en la consola hay que reformatearlo, que se hace en un minuto."
Kingston,DataTraveler Max 4TB,almacenamiento externo,puerto_usb_c,windows|macos|linux|notebook|pc_escritorio|ps5|ps4|xbox|smart_tv,puerto_usb_c,,,"Se conecta por USB-C. Si tu equipo solo tiene USB comun, necesitas un adaptador. Viene formateado para Windows; en Mac o en la consola hay que reformatearlo, que se hace en un minuto."
Samsung,T7 SSD 1TB,almacenamiento externo,puerto_usb_c,windows|macos|linux|notebook|pc_escritorio|ps5|ps4|xbox|smart_tv,puerto_usb_c,,,"Se conecta por USB-C. Si tu equipo solo tiene USB comun, necesitas un adaptador. Viene formateado para Windows; en Mac o en la consola hay que reformatearlo, que se hace en un minuto."
Samsung,T7 SSD 2TB,almacenamiento externo,puerto_usb_c,windows|macos|linux|notebook|pc_escritorio|ps5|ps4|xbox|smart_tv,puerto_usb_c,,,"Se conecta por USB-C. Si tu equipo solo tiene USB comun, necesitas un adaptador. Viene formateado para Windows; en Mac o en la consola hay que reformatearlo, que se hace en un minuto."
Samsung,T7 SSD 4TB,almacenamiento externo,puerto_usb_c,windows|macos|linux|notebook|pc_escritorio|ps5|ps4|xbox|smart_tv,puerto_usb_c,,,"Se conecta por USB-C. Si tu equipo solo tiene USB comun, necesitas un adaptador. Viene formateado para Windows; en Mac o en la consola hay que reformatearlo, que se hace en un minuto."
SanDisk,Extreme Portable SSD 1TB,almacenamiento externo,puerto_usb_c,windows|macos|linux|notebook|pc_escritorio|ps5|ps4|xbox|smart_tv,puerto_usb_c,,,"Se conecta por USB-C. Si tu equipo solo tiene USB comun, necesitas un adaptador. Viene formateado para Windows; en Mac o en la consola hay que reformatearlo, que se hace en un minuto."
SanDisk,Extreme Portable SSD 2TB,almacenamiento externo,puerto_usb_c,windows|macos|linux|notebook|pc_escritorio|ps5|ps4|xbox|smart_tv,puerto_usb_c,,,"Se conecta por USB-C. Si tu equipo solo tiene USB comun, necesitas un adaptador. Viene formateado para Windows; en Mac o en la consola hay que reformatearlo, que se hace en un minuto."
SanDisk,Extreme Portable SSD 4TB,almacenamiento externo,puerto_usb_c,windows|macos|linux|notebook|pc_escritorio|ps5|ps4|xbox|smart_tv,puerto_usb_c,,,"Se conecta por USB-C. Si tu equipo solo tiene USB comun, necesitas un adaptador. Viene formateado para Windows; en Mac o en la consola hay que reformatearlo, que se hace en un minuto."
SanDisk,Ultra Dual Drive 1TB,almacenamiento externo,puerto_usb_a|puerto_usb_c,windows|macos|linux|notebook|pc_escritorio|ps5|ps4|xbox|smart_tv|android,puerto_usb_a|puerto_usb_c,,,"Tiene los dos conectores, USB-A y USB-C: sirve para pasar archivos de la compu al celular sin adaptador. Viene formateado para Windows; en Mac o en la consola hay que reformatearlo, que se hace en un minuto."
SanDisk,Ultra Dual Drive 2TB,almacenamiento externo,puerto_usb_a|puerto_usb_c,windows|macos|linux|notebook|pc_escritorio|ps5|ps4|xbox|smart_tv|android,puerto_usb_a|puerto_usb_c,,,"Tiene los dos conectores, USB-A y USB-C: sirve para pasar archivos de la compu al celular sin adaptador. Viene formateado para Windows; en Mac o en la consola hay que reformatearlo, que se hace en un minuto."
SanDisk,Ultra Dual Drive 4TB,almacenamiento externo,puerto_usb_a|puerto_usb_c,windows|macos|linux|notebook|pc_escritorio|ps5|ps4|xbox|smart_tv|android,puerto_usb_a|puerto_usb_c,,,"Tiene los dos conectores, USB-A y USB-C: sirve para pasar archivos de la compu al celular sin adaptador. Viene formateado para Windows; en Mac o en la consola hay que reformatearlo, que se hace en un minuto."
SanDisk,Ultra Flair 1TB,almacenamiento externo,puerto_usb_a,windows|macos|linux|notebook|pc_escritorio|ps5|ps4|xbox|smart_tv,puerto_usb_a,,,"Se conecta por USB comun, no necesita fuente ni instalar nada. Viene formateado para Windows; en Mac o en la consola hay que reformatearlo, que se hace en un minuto."
SanDisk,Ultra Flair 2TB,almacenamiento externo,puerto_usb_a,windows|macos|linux|notebook|pc_escritorio|ps5|ps4|xbox|smart_tv,puerto_usb_a,,,"Se conecta por USB comun, no necesita fuente ni instalar nada. Viene formateado para Windows; en Mac o en la consola hay que reformatearlo, que se hace en un minuto."
SanDisk,Ultra Flair 4TB,almacenamiento externo,puerto_usb_a,windows|macos|linux|notebook|pc_escritorio|ps5|ps4|xbox|smart_tv,puerto_usb_a,,,"Se conecta por USB comun, no necesita fuente ni instalar nada. Viene formateado para Windows; en Mac o en la consola hay que reformatearlo, que se hace en un minuto."
Seagate,Expansion 1TB,almacenamiento externo,puerto_usb_a,windows|macos|linux|notebook|pc_escritorio|ps5|ps4|xbox|smart_tv,puerto_usb_a,,,"Se conecta por USB comun, no necesita fuente ni instalar nada. Viene formateado para Windows; en Mac o en la consola hay que reformatearlo, que se hace en un minuto."
Seagate,Expansion 2TB,almacenamiento externo,puerto_usb_a,windows|macos|linux|notebook|pc_escritorio|ps5|ps4|xbox|smart_tv,puerto_usb_a,,,"Se conecta por USB comun, no necesita fuente ni instalar nada. Viene formateado para Windows; en Mac o en la consola hay que reformatearlo, que se hace en un minuto."
Seagate,Expansion 4TB,almacenamiento externo,puerto_usb_a,windows|macos|linux|notebook|pc_escritorio|ps5|ps4|xbox|smart_tv,puerto_usb_a,,,"Se conecta por USB comun, no necesita fuente ni instalar nada. Viene formateado para Windows; en Mac o en la consola hay que reformatearlo, que se hace en un minuto."
Seagate,One Touch 1TB,almacenamiento externo,puerto_usb_a,windows|macos|linux|notebook|pc_escritorio|ps5|ps4|xbox|smart_tv,puerto_usb_a,,,"Se conecta por USB comun, no necesita fuente ni instalar nada. Viene formateado para Windows; en Mac o en la consola hay que reformatearlo, que se hace en un minuto."
Seagate,One Touch 2TB,almacenamiento externo,puerto_usb_a,windows|macos|linux|notebook|pc_escritorio|ps5|ps4|xbox|smart_tv,puerto_usb_a,,,"Se conecta por USB comun, no necesita fuente ni instalar nada. Viene formateado para Windows; en Mac o en la consola hay que reformatearlo, que se hace en un minuto."
Seagate,One Touch 4TB,almacenamiento externo,puerto_usb_a,windows|macos|linux|notebook|pc_escritorio|ps5|ps4|xbox|smart_tv,puerto_usb_a,,,"Se conecta por USB comun, no necesita fuente ni instalar nada. Viene formateado para Windows; en Mac o en la consola hay que reformatearlo, que se hace en un minuto."
Toshiba,Canvio Advance 1TB,almacenamiento externo,puerto_usb_a,windows|macos|linux|notebook|pc_escritorio|ps5|ps4|xbox|smart_tv,puerto_usb_a,,,"Se conecta por USB comun, no necesita fuente ni instalar nada. Viene formateado para Windows; en Mac o en la consola hay que reformatearlo, que se hace en un minuto."
Toshiba,Canvio Advance 2TB,almacenamiento externo,puerto_usb_a,windows|macos|linux|notebook|pc_escritorio|ps5|ps4|xbox|smart_tv,puerto_usb_a,,,"Se conecta por USB comun, no necesita fuente ni instalar nada. Viene formateado para Windows; en Mac o en la consola hay que reformatearlo, que se hace en un minuto."
Toshiba,Canvio Advance 4TB,almacenamiento externo,puerto_usb_a,windows|macos|linux|notebook|pc_escritorio|ps5|ps4|xbox|smart_tv,puerto_usb_a,,,"Se conecta por USB comun, no necesita fuente ni instalar nada. Viene formateado para Windows; en Mac o en la consola hay que reformatearlo, que se hace en un minuto."
Toshiba,Canvio Basics 1TB,almacenamiento externo,puerto_usb_a,windows|macos|linux|notebook|pc_escritorio|ps5|ps4|xbox|smart_tv,puerto_usb_a,,,"Se conecta por USB comun, no necesita fuente ni instalar nada. Viene formateado para Windows; en Mac o en la consola hay que reformatearlo, que se hace en un minuto."
Toshiba,Canvio Basics 2TB,almacenamiento externo,puerto_usb_a,windows|macos|linux|notebook|pc_escritorio|ps5|ps4|xbox|smart_tv,puerto_usb_a,,,"Se conecta por USB comun, no necesita fuente ni instalar nada. Viene formateado para Windows; en Mac o en la consola hay que reformatearlo, que se hace en un minuto."
Toshiba,Canvio Basics 4TB,almacenamiento externo,puerto_usb_a,windows|macos|linux|notebook|pc_escritorio|ps5|ps4|xbox|smart_tv,puerto_usb_a,,,"Se conecta por USB comun, no necesita fuente ni instalar nada. Viene formateado para Windows; en Mac o en la consola hay que reformatearlo, que se hace en un minuto."
Western Digital,Elements 1TB,almacenamiento externo,puerto_usb_a,windows|macos|linux|notebook|pc_escritorio|ps5|ps4|xbox|smart_tv,puerto_usb_a,,,"Se conecta por USB comun, no necesita fuente ni instalar nada. Viene formateado para Windows; en Mac o en la consola hay que reformatearlo, que se hace en un minuto."
Western Digital,Elements 2TB,almacenamiento externo,puerto_usb_a,windows|macos|linux|notebook|pc_escritorio|ps5|ps4|xbox|smart_tv,puerto_usb_a,,,"Se conecta por USB comun, no necesita fuente ni instalar nada. Viene formateado para Windows; en Mac o en la consola hay que reformatearlo, que se hace en un minuto."
Western Digital,Elements 4TB,almacenamiento externo,puerto_usb_a,windows|macos|linux|notebook|pc_escritorio|ps5|ps4|xbox|smart_tv,puerto_usb_a,,,"Se conecta por USB comun, no necesita fuente ni instalar nada. Viene formateado para Windows; en Mac o en la consola hay que reformatearlo, que se hace en un minuto."
Western Digital,My Passport 1TB,almacenamiento externo,puerto_usb_a,windows|macos|linux|notebook|pc_escritorio|ps5|ps4|xbox|smart_tv,puerto_usb_a,,,"Se conecta por USB comun, no necesita fuente ni instalar nada. Viene formateado para Windows; en Mac o en la consola hay que reformatearlo, que se hace en un minuto."
Western Digital,My Passport 2TB,almacenamiento externo,puerto_usb_a,windows|macos|linux|notebook|pc_escritorio|ps5|ps4|xbox|smart_tv,puerto_usb_a,,,"Se conecta por USB comun, no necesita fuente ni instalar nada. Viene formateado para Windows; en Mac o en la consola hay que reformatearlo, que se hace en un minuto."
Western Digital,My Passport 4TB,almacenamiento externo,puerto_usb_a,windows|macos|linux|notebook|pc_escritorio|ps5|ps4|xbox|smart_tv,puerto_usb_a,,,"Se conecta por USB comun, no necesita fuente ni instalar nada. Viene formateado para Windows; en Mac o en la consola hay que reformatearlo, que se hace en un minuto."
HyperX,Cloud Alpha,auriculares,jack_35,windows|macos|linux|notebook|pc_escritorio|ps5|ps4|xbox|nintendo_switch|android|ios,jack_35,,,"Conector de 3.5 mm: andan con la compu, la consola y el celular que tenga entrada de auriculares."
HyperX,Cloud II,auriculares,jack_35,windows|macos|linux|notebook|pc_escritorio|ps5|ps4|xbox|nintendo_switch|android|ios,jack_35,,,"Conector de 3.5 mm: andan con la compu, la consola y el celular que tenga entrada de auriculares."
HyperX,Cloud III,auriculares,jack_35,windows|macos|linux|notebook|pc_escritorio|ps5|ps4|xbox|nintendo_switch|android|ios,jack_35,,,"Conector de 3.5 mm: andan con la compu, la consola y el celular que tenga entrada de auriculares."
HyperX,Cloud Stinger 2,auriculares,jack_35,windows|macos|linux|notebook|pc_escritorio|ps5|ps4|xbox|nintendo_switch|android|ios,jack_35,,,"Conector de 3.5 mm: andan con la compu, la consola y el celular que tenga entrada de auriculares."
JBL,Quantum 200,auriculares,jack_35,windows|macos|linux|notebook|pc_escritorio|ps5|ps4|xbox|nintendo_switch|android|ios,jack_35,,,"Conector de 3.5 mm: andan con la compu, la consola y el celular que tenga entrada de auriculares."
JBL,Tune 510BT,auriculares,bluetooth,windows|macos|linux|notebook|pc_escritorio|android|ios,bluetooth,,,"Solo Bluetooth: se emparejan con la compu, el celular o la tablet."
JBL,Tune 520BT,auriculares,bluetooth,windows|macos|linux|notebook|pc_escritorio|android|ios,bluetooth,,,"Solo Bluetooth: se emparejan con la compu, el celular o la tablet."
JBL,Tune 770NC,auriculares,bluetooth|jack_35,windows|macos|linux|notebook|pc_escritorio|android|ios|ps5|ps4|nintendo_switch,bluetooth|jack_35,,,"Bluetooth, y ademas traen cable de 3.5 mm para enchufarlos a la consola o al avion."
Logitech,G Pro X,auriculares,jack_35,windows|macos|linux|notebook|pc_escritorio|ps5|ps4|xbox|nintendo_switch|android|ios,jack_35,,,"Conector de 3.5 mm: andan con la compu, la consola y el celular que tenga entrada de auriculares."
Logitech,G435,auriculares,receptor_usb|bluetooth,windows|macos|linux|notebook|pc_escritorio|ps5|ps4|android|ios,puerto_usb_a,,,Inalambricos con receptor USB: andan en la compu y tambien en la consola enchufando el receptor.
Logitech,G535,auriculares,receptor_usb,windows|macos|linux|notebook|pc_escritorio|ps5|ps4,puerto_usb_a,,,Inalambricos con receptor USB: andan en la compu y tambien en la consola enchufando el receptor.
Logitech,G733 Lightspeed,auriculares,receptor_usb,windows|macos|linux|notebook|pc_escritorio|ps5|ps4,puerto_usb_a,,,Inalambricos con receptor USB: andan en la compu y tambien en la consola enchufando el receptor.
Razer,BlackShark V2,auriculares,jack_35,windows|macos|linux|notebook|pc_escritorio|ps5|ps4|xbox|nintendo_switch|android|ios,jack_35,,,"Conector de 3.5 mm: andan con la compu, la consola y el celular que tenga entrada de auriculares."
Razer,Kraken Kitty V2,auriculares,puerto_usb_a,windows|macos|linux|notebook|pc_escritorio,puerto_usb_a,,ps5|ps4|xbox,"Son USB con sonido virtual: andan en la compu, en la consola no."
Razer,Kraken V3,auriculares,puerto_usb_a,windows|macos|linux|notebook|pc_escritorio,puerto_usb_a,,ps5|ps4|xbox,"Son USB con sonido virtual: andan en la compu, en la consola no."
Redragon,Pandora,auriculares,puerto_usb_a,windows|macos|linux|notebook|pc_escritorio,puerto_usb_a,,ps5|ps4|xbox,"Son USB con sonido virtual: andan en la compu, en la consola no."
Redragon,Zeus X,auriculares,puerto_usb_a,windows|macos|linux|notebook|pc_escritorio,puerto_usb_a,,ps5|ps4|xbox,"Son USB con sonido virtual: andan en la compu, en la consola no."
Sennheiser,HD 560S,auriculares,jack_35,windows|macos|linux|notebook|pc_escritorio|ps5|ps4|xbox|nintendo_switch|android|ios,jack_35,,,"Conector de 3.5 mm: andan con la compu, la consola y el celular que tenga entrada de auriculares."
Sennheiser,HD 599,auriculares,jack_35,windows|macos|linux|notebook|pc_escritorio|ps5|ps4|xbox|nintendo_switch|android|ios,jack_35,,,"Conector de 3.5 mm: andan con la compu, la consola y el celular que tenga entrada de auriculares."
Sony,ULT Wear,auriculares,bluetooth|jack_35,windows|macos|linux|notebook|pc_escritorio|android|ios|ps5|ps4|nintendo_switch,bluetooth|jack_35,,,"Bluetooth, y ademas traen cable de 3.5 mm para enchufarlos a la consola o al avion."
Sony,WH-1000XM5,auriculares,bluetooth|jack_35,windows|macos|linux|notebook|pc_escritorio|android|ios|ps5|ps4|nintendo_switch,bluetooth|jack_35,,,"Bluetooth, y ademas traen cable de 3.5 mm para enchufarlos a la consola o al avion."
Sony,WH-CH520,auriculares,bluetooth,windows|macos|linux|notebook|pc_escritorio|android|ios,bluetooth,,,"Solo Bluetooth: se emparejan con la compu, el celular o la tablet."
Sony,WH-CH720N,auriculares,bluetooth|jack_35,windows|macos|linux|notebook|pc_escritorio|android|ios|ps5|ps4|nintendo_switch,bluetooth|jack_35,,,"Bluetooth, y ademas traen cable de 3.5 mm para enchufarlos a la consola o al avion."
Anker,511 Nano 3,cargador,puerto_usb_c,android|ios|notebook,toma_220,,,"Carga celulares, tablets y notebooks que carguen por USB. La velocidad final depende del cable y de lo que admita tu equipo."
Anker,735 GaN 65W,cargador,puerto_usb_c,android|ios|notebook,toma_220,,,"Carga celulares, tablets y notebooks que carguen por USB. La velocidad final depende del cable y de lo que admita tu equipo."
Anker,Nano II 65W,cargador,puerto_usb_c,android|ios|notebook,toma_220,,,"Carga celulares, tablets y notebooks que carguen por USB. La velocidad final depende del cable y de lo que admita tu equipo."
Anker,PowerPort III 20W,cargador,puerto_usb_c,android|ios|notebook,toma_220,,,"Carga celulares, tablets y notebooks que carguen por USB. La velocidad final depende del cable y de lo que admita tu equipo."
Baseus,GaN5 65W,cargador,puerto_usb_c,android|ios|notebook,toma_220,,,"Carga celulares, tablets y notebooks que carguen por USB. La velocidad final depende del cable y de lo que admita tu equipo."
Baseus,GaN5 Pro 100W,cargador,puerto_usb_c,android|ios|notebook,toma_220,,,"Carga celulares, tablets y notebooks que carguen por USB. La velocidad final depende del cable y de lo que admita tu equipo."
Samsung,25W Super Fast,cargador,puerto_usb_c,android|ios|notebook,toma_220,,,"Carga celulares, tablets y notebooks que carguen por USB. La velocidad final depende del cable y de lo que admita tu equipo."
UGREEN,Nexode 65W,cargador,puerto_usb_c,android|ios|notebook,toma_220,,,"Carga celulares, tablets y notebooks que carguen por USB. La velocidad final depende del cable y de lo que admita tu equipo."
Xiaomi,67W Turbo,cargador,puerto_usb_a,android|ios|notebook,toma_220,,,"Carga celulares, tablets y notebooks que carguen por USB. La velocidad final depende del cable y de lo que admita tu equipo."
Xiaomi,Mi 33W,cargador,puerto_usb_a,android|ios|notebook,toma_220,,,"Carga celulares, tablets y notebooks que carguen por USB. La velocidad final depende del cable y de lo que admita tu equipo."
Arctic,Liquid Freezer III 360,cooler,socket_am4|socket_am5|socket_lga1700,pc_escritorio,socket_am4|socket_am5|socket_lga1700,,notebook,"Refrigeracion liquida: trae los soportes para Intel y AMD, y el gabinete tiene que tener lugar para el radiador."
Cooler Master,Hyper 212,cooler,socket_am4|socket_am5|socket_lga1700,pc_escritorio,socket_am4|socket_am5|socket_lga1700,,notebook,"Trae el kit de montaje para Intel y para AMD, asi que entra en los dos."
Cooler Master,Hyper 212 Halo,cooler,socket_am4|socket_am5|socket_lga1700,pc_escritorio,socket_am4|socket_am5|socket_lga1700,,notebook,"Trae el kit de montaje para Intel y para AMD, asi que entra en los dos."
Cooler Master,ML240L V2,cooler,socket_am4|socket_am5|socket_lga1700,pc_escritorio,socket_am4|socket_am5|socket_lga1700,,notebook,"Refrigeracion liquida: trae los soportes para Intel y AMD, y el gabinete tiene que tener lugar para el radiador."
DeepCool,AG400,cooler,socket_am4|socket_am5|socket_lga1700,pc_escritorio,socket_am4|socket_am5|socket_lga1700,,notebook,"Trae el kit de montaje para Intel y para AMD, asi que entra en los dos."
DeepCool,AK500,cooler,socket_am4|socket_am5|socket_lga1700,pc_escritorio,socket_am4|socket_am5|socket_lga1700,,notebook,"Trae el kit de montaje para Intel y para AMD, asi que entra en los dos."
DeepCool,AK620,cooler,socket_am4|socket_am5|socket_lga1700,pc_escritorio,socket_am4|socket_am5|socket_lga1700,,notebook,"Trae el kit de montaje para Intel y para AMD, asi que entra en los dos."
DeepCool,LE500,cooler,socket_am4|socket_am5|socket_lga1700,pc_escritorio,socket_am4|socket_am5|socket_lga1700,,notebook,"Refrigeracion liquida: trae los soportes para Intel y AMD, y el gabinete tiene que tener lugar para el radiador."
Lian Li,Galahad II 240,cooler,socket_am4|socket_am5|socket_lga1700,pc_escritorio,socket_am4|socket_am5|socket_lga1700,,notebook,"Refrigeracion liquida: trae los soportes para Intel y AMD, y el gabinete tiene que tener lugar para el radiador."
Lian Li,Galahad II 360,cooler,socket_am4|socket_am5|socket_lga1700,pc_escritorio,socket_am4|socket_am5|socket_lga1700,,notebook,"Refrigeracion liquida: trae los soportes para Intel y AMD, y el gabinete tiene que tener lugar para el radiador."
Noctua,NH-D15,cooler,socket_am4|socket_am5|socket_lga1700,pc_escritorio,socket_am4|socket_am5|socket_lga1700,,notebook,"Trae el kit de montaje para Intel y para AMD, asi que entra en los dos."
Noctua,NH-U12S Redux,cooler,socket_am4|socket_am5|socket_lga1700,pc_escritorio,socket_am4|socket_am5|socket_lga1700,,notebook,"Trae el kit de montaje para Intel y para AMD, asi que entra en los dos."
Thermalright,Frozen Notte 360,cooler,socket_am4|socket_am5|socket_lga1700,pc_escritorio,socket_am4|socket_am5|socket_lga1700,,notebook,"Refrigeracion liquida: trae los soportes para Intel y AMD, y el gabinete tiene que tener lugar para el radiador."
Thermalright,Peerless Assassin 120,cooler,socket_am4|socket_am5|socket_lga1700,pc_escritorio,socket_am4|socket_am5|socket_lga1700,,notebook,"Trae el kit de montaje para Intel y para AMD, asi que entra en los dos."
Asus,ROG Strix 850W Gold,fuente,fuente_atx,pc_escritorio,toma_220|formato_atx,fuente_atx,notebook,Formato ATX estandar: entra en cualquier gabinete de PC de escritorio.
Asus,TUF Gaming 750W Gold,fuente,fuente_atx,pc_escritorio,toma_220|formato_atx,fuente_atx,notebook,Formato ATX estandar: entra en cualquier gabinete de PC de escritorio.
Cooler Master,MWE 650 Bronze,fuente,fuente_atx,pc_escritorio,toma_220|formato_atx,fuente_atx,notebook,Formato ATX estandar: entra en cualquier gabinete de PC de escritorio.
Cooler Master,MWE 750 Gold V2,fuente,fuente_atx,pc_escritorio,toma_220|formato_atx,fuente_atx,notebook,Formato ATX estandar: entra en cualquier gabinete de PC de escritorio.
Corsair,CV550,fuente,fuente_atx,pc_escritorio,toma_220|formato_atx,fuente_atx,notebook,Formato ATX estandar: entra en cualquier gabinete de PC de escritorio.
Corsair,CX650F RGB,fuente,fuente_atx,pc_escritorio,toma_220|formato_atx,fuente_atx,notebook,Formato ATX estandar: entra en cualquier gabinete de PC de escritorio.
Corsair,RM750e,fuente,fuente_atx,pc_escritorio,toma_220|formato_atx,fuente_atx,notebook,Formato ATX estandar: entra en cualquier gabinete de PC de escritorio.
Corsair,RM850e,fuente,fuente_atx,pc_escritorio,toma_220|formato_atx,fuente_atx,notebook,Formato ATX estandar: entra en cualquier gabinete de PC de escritorio.
EVGA,500 W1,fuente,fuente_atx,pc_escritorio,toma_220|formato_atx,fuente_atx,notebook,Formato ATX estandar: entra en cualquier gabinete de PC de escritorio.
EVGA,600 BR,fuente,fuente_atx,pc_escritorio,toma_220|formato_atx,fuente_atx,notebook,Formato ATX estandar: entra en cualquier gabinete de PC de escritorio.
Gigabyte,P650B,fuente,fuente_atx,pc_escritorio,toma_220|formato_atx,fuente_atx,notebook,Formato ATX estandar: entra en cualquier gabinete de PC de escritorio.
Gigabyte,UD750GM,fuente,fuente_atx,pc_escritorio,toma_220|formato_atx,fuente_atx,notebook,Formato ATX estandar: entra en cualquier gabinete de PC de escritorio.
Seasonic,Focus GX-650,fuente,fuente_atx,pc_escritorio,toma_220|formato_atx,fuente_atx,notebook,Formato ATX estandar: entra en cualquier gabinete de PC de escritorio.
Thermaltake,Smart 600W,fuente,fuente_atx,pc_escritorio,toma_220|formato_atx,fuente_atx,notebook,Formato ATX estandar: entra en cualquier gabinete de PC de escritorio.
Thermaltake,Toughpower GF1 750W,fuente,fuente_atx,pc_escritorio,toma_220|formato_atx,fuente_atx,notebook,Formato ATX estandar: entra en cualquier gabinete de PC de escritorio.
Antec,NX410,gabinete,formato_atx,pc_escritorio,,formato_atx|formato_micro_atx|fuente_atx,notebook,"Le entran placas ATX y Micro-ATX, y fuente de formato ATX."
Asus,Prime AP201,gabinete,formato_atx,pc_escritorio,,formato_micro_atx|fuente_atx,notebook,"Es compacto: le entran placas Micro-ATX y Mini-ITX, una ATX grande no."
Cooler Master,MasterBox Q300L,gabinete,formato_atx,pc_escritorio,,formato_atx|formato_micro_atx|fuente_atx,notebook,"Le entran placas ATX y Micro-ATX, y fuente de formato ATX."
Cooler Master,TD500 Mesh V2,gabinete,formato_atx,pc_escritorio,,formato_atx|formato_micro_atx|fuente_atx,notebook,"Le entran placas ATX y Micro-ATX, y fuente de formato ATX."
Corsair,4000D Airflow,gabinete,formato_atx,pc_escritorio,,formato_atx|formato_micro_atx|fuente_atx,notebook,"Le entran placas ATX y Micro-ATX, y fuente de formato ATX."
Corsair,5000D Airflow,gabinete,formato_atx,pc_escritorio,,formato_atx|formato_micro_atx|fuente_atx,notebook,"Le entran placas ATX y Micro-ATX, y fuente de formato ATX."
Gamemax,Black Hole,gabinete,formato_atx,pc_escritorio,,formato_atx|formato_micro_atx|fuente_atx,notebook,"Le entran placas ATX y Micro-ATX, y fuente de formato ATX."
Gamemax,Infinity,gabinete,formato_atx,pc_escritorio,,formato_atx|formato_micro_atx|fuente_atx,notebook,"Le entran placas ATX y Micro-ATX, y fuente de formato ATX."
Lian Li,Lancool 216,gabinete,formato_atx,pc_escritorio,,formato_atx|formato_micro_atx|fuente_atx,notebook,"Le entran placas ATX y Micro-ATX, y fuente de formato ATX."
Montech,Air 903,gabinete,formato_atx,pc_escritorio,,formato_atx|formato_micro_atx|fuente_atx,notebook,"Le entran placas ATX y Micro-ATX, y fuente de formato ATX."
Montech,King 95,gabinete,formato_atx,pc_escritorio,,formato_atx|formato_micro_atx|fuente_atx,notebook,"Le entran placas ATX y Micro-ATX, y fuente de formato ATX."
NZXT,H5 Flow,gabinete,formato_atx,pc_escritorio,,formato_atx|formato_micro_atx|fuente_atx,notebook,"Le entran placas ATX y Micro-ATX, y fuente de formato ATX."
NZXT,H7 Flow,gabinete,formato_atx,pc_escritorio,,formato_atx|formato_micro_atx|fuente_atx,notebook,"Le entran placas ATX y Micro-ATX, y fuente de formato ATX."
Thermaltake,S100 TG,gabinete,formato_atx,pc_escritorio,,formato_atx|formato_micro_atx|fuente_atx,notebook,"Le entran placas ATX y Micro-ATX, y fuente de formato ATX."
Thermaltake,Versa H18,gabinete,formato_atx,pc_escritorio,,formato_atx|formato_micro_atx|fuente_atx,notebook,"Le entran placas ATX y Micro-ATX, y fuente de formato ATX."
Brother,DCP-T520W,impresora,puerto_usb_a|wifi,windows|macos|linux|notebook|pc_escritorio|android|ios,puerto_usb_a|wifi,,,Se conecta por WiFi o por cable USB. Con WiFi imprimis tambien desde el celular con la app de la marca.
Brother,HL-1212W,impresora,puerto_usb_a|wifi,windows|macos|linux|notebook|pc_escritorio|android|ios,puerto_usb_a|wifi,,,Se conecta por WiFi o por cable USB. Con WiFi imprimis tambien desde el celular con la app de la marca.
Canon,Pixma G2160,impresora,puerto_usb_a,windows|macos|linux|notebook|pc_escritorio,puerto_usb_a,,android|ios,"Este modelo se conecta solo por cable USB: no tiene WiFi, asi que desde el celular no se imprime."
Canon,Pixma G3110,impresora,puerto_usb_a|wifi,windows|macos|linux|notebook|pc_escritorio|android|ios,puerto_usb_a|wifi,,,Se conecta por WiFi o por cable USB. Con WiFi imprimis tambien desde el celular con la app de la marca.
Epson,EcoTank L3250,impresora,puerto_usb_a|wifi,windows|macos|linux|notebook|pc_escritorio|android|ios,puerto_usb_a|wifi,,,Se conecta por WiFi o por cable USB. Con WiFi imprimis tambien desde el celular con la app de la marca.
Epson,EcoTank L3560,impresora,puerto_usb_a|wifi,windows|macos|linux|notebook|pc_escritorio|android|ios,puerto_usb_a|wifi,,,Se conecta por WiFi o por cable USB. Con WiFi imprimis tambien desde el celular con la app de la marca.
Epson,EcoTank L4260,impresora,puerto_usb_a|wifi,windows|macos|linux|notebook|pc_escritorio|android|ios,puerto_usb_a|wifi,,,Se conecta por WiFi o por cable USB. Con WiFi imprimis tambien desde el celular con la app de la marca.
Epson,EcoTank L5590,impresora,puerto_usb_a|wifi,windows|macos|linux|notebook|pc_escritorio|android|ios,puerto_usb_a|wifi,,,Se conecta por WiFi o por cable USB. Con WiFi imprimis tambien desde el celular con la app de la marca.
HP,DeskJet 2775,impresora,puerto_usb_a|wifi,windows|macos|linux|notebook|pc_escritorio|android|ios,puerto_usb_a|wifi,,,Se conecta por WiFi o por cable USB. Con WiFi imprimis tambien desde el celular con la app de la marca.
HP,Smart Tank 580,impresora,puerto_usb_a|wifi,windows|macos|linux|notebook|pc_escritorio|android|ios,puerto_usb_a|wifi,,,Se conecta por WiFi o por cable USB. Con WiFi imprimis tambien desde el celular con la app de la marca.
HP,Smart Tank 720,impresora,puerto_usb_a|wifi,windows|macos|linux|notebook|pc_escritorio|android|ios,puerto_usb_a|wifi,,,Se conecta por WiFi o por cable USB. Con WiFi imprimis tambien desde el celular con la app de la marca.
ADATA,XPG Lancer DDR5 5200 16GB,memoria ram,ranura_ddr5,pc_escritorio,ranura_ddr5,,notebook|macos,"Modulo de escritorio: entra solo en placas con ranura DDR5. En una notebook NO entra, y en una placa DDR4 tampoco: el zocalo es distinto."
ADATA,XPG Lancer DDR5 5200 32GB,memoria ram,ranura_ddr5,pc_escritorio,ranura_ddr5,,notebook|macos,"Modulo de escritorio: entra solo en placas con ranura DDR5. En una notebook NO entra, y en una placa DDR4 tampoco: el zocalo es distinto."
ADATA,XPG Lancer DDR5 5200 8GB,memoria ram,ranura_ddr5,pc_escritorio,ranura_ddr5,,notebook|macos,"Modulo de escritorio: entra solo en placas con ranura DDR5. En una notebook NO entra, y en una placa DDR4 tampoco: el zocalo es distinto."
ADATA,XPG Spectrix DDR4 3600 16GB,memoria ram,ranura_ddr4,pc_escritorio,ranura_ddr4,,notebook|macos,"Modulo de escritorio: entra solo en placas con ranura DDR4. En una notebook NO entra, y en una placa DDR5 tampoco: el zocalo es distinto."
ADATA,XPG Spectrix DDR4 3600 32GB,memoria ram,ranura_ddr4,pc_escritorio,ranura_ddr4,,notebook|macos,"Modulo de escritorio: entra solo en placas con ranura DDR4. En una notebook NO entra, y en una placa DDR5 tampoco: el zocalo es distinto."
ADATA,XPG Spectrix DDR4 3600 8GB,memoria ram,ranura_ddr4,pc_escritorio,ranura_ddr4,,notebook|macos,"Modulo de escritorio: entra solo en placas con ranura DDR4. En una notebook NO entra, y en una placa DDR5 tampoco: el zocalo es distinto."
Corsair,Dominator DDR5 6200 16GB,memoria ram,ranura_ddr5,pc_escritorio,ranura_ddr5,,notebook|macos,"Modulo de escritorio: entra solo en placas con ranura DDR5. En una notebook NO entra, y en una placa DDR4 tampoco: el zocalo es distinto."
Corsair,Dominator DDR5 6200 32GB,memoria ram,ranura_ddr5,pc_escritorio,ranura_ddr5,,notebook|macos,"Modulo de escritorio: entra solo en placas con ranura DDR5. En una notebook NO entra, y en una placa DDR4 tampoco: el zocalo es distinto."
Corsair,Dominator DDR5 6200 8GB,memoria ram,ranura_ddr5,pc_escritorio,ranura_ddr5,,notebook|macos,"Modulo de escritorio: entra solo en placas con ranura DDR5. En una notebook NO entra, y en una placa DDR4 tampoco: el zocalo es distinto."
Corsair,Vengeance DDR5 6000 16GB,memoria ram,ranura_ddr5,pc_escritorio,ranura_ddr5,,notebook|macos,"Modulo de escritorio: entra solo en placas con ranura DDR5. En una notebook NO entra, y en una placa DDR4 tampoco: el zocalo es distinto."
Corsair,Vengeance DDR5 6000 32GB,memoria ram,ranura_ddr5,pc_escritorio,ranura_ddr5,,notebook|macos,"Modulo de escritorio: entra solo en placas con ranura DDR5. En una notebook NO entra, y en una placa DDR4 tampoco: el zocalo es distinto."
Corsair,Vengeance DDR5 6000 8GB,memoria ram,ranura_ddr5,pc_escritorio,ranura_ddr5,,notebook|macos,"Modulo de escritorio: entra solo en placas con ranura DDR5. En una notebook NO entra, y en una placa DDR4 tampoco: el zocalo es distinto."
Corsair,Vengeance LPX DDR4 3600 16GB,memoria ram,ranura_ddr4,pc_escritorio,ranura_ddr4,,notebook|macos,"Modulo de escritorio: entra solo en placas con ranura DDR4. En una notebook NO entra, y en una placa DDR5 tampoco: el zocalo es distinto."
Corsair,Vengeance LPX DDR4 3600 32GB,memoria ram,ranura_ddr4,pc_escritorio,ranura_ddr4,,notebook|macos,"Modulo de escritorio: entra solo en placas con ranura DDR4. En una notebook NO entra, y en una placa DDR5 tampoco: el zocalo es distinto."
Corsair,Vengeance LPX DDR4 3600 8GB,memoria ram,ranura_ddr4,pc_escritorio,ranura_ddr4,,notebook|macos,"Modulo de escritorio: entra solo en placas con ranura DDR4. En una notebook NO entra, y en una placa DDR5 tampoco: el zocalo es distinto."
Corsair,Vengeance RGB DDR5 6000 16GB,memoria ram,ranura_ddr5,pc_escritorio,ranura_ddr5,,notebook|macos,"Modulo de escritorio: entra solo en placas con ranura DDR5. En una notebook NO entra, y en una placa DDR4 tampoco: el zocalo es distinto."
Corsair,Vengeance RGB DDR5 6000 32GB,memoria ram,ranura_ddr5,pc_escritorio,ranura_ddr5,,notebook|macos,"Modulo de escritorio: entra solo en placas con ranura DDR5. En una notebook NO entra, y en una placa DDR4 tampoco: el zocalo es distinto."
Corsair,Vengeance RGB DDR5 6000 8GB,memoria ram,ranura_ddr5,pc_escritorio,ranura_ddr5,,notebook|macos,"Modulo de escritorio: entra solo en placas con ranura DDR5. En una notebook NO entra, y en una placa DDR4 tampoco: el zocalo es distinto."
Crucial,Pro DDR5 5600 16GB,memoria ram,ranura_ddr5,pc_escritorio,ranura_ddr5,,notebook|macos,"Modulo de escritorio: entra solo en placas con ranura DDR5. En una notebook NO entra, y en una placa DDR4 tampoco: el zocalo es distinto."
Crucial,Pro DDR5 5600 32GB,memoria ram,ranura_ddr5,pc_escritorio,ranura_ddr5,,notebook|macos,"Modulo de escritorio: entra solo en placas con ranura DDR5. En una notebook NO entra, y en una placa DDR4 tampoco: el zocalo es distinto."
Crucial,Pro DDR5 5600 8GB,memoria ram,ranura_ddr5,pc_escritorio,ranura_ddr5,,notebook|macos,"Modulo de escritorio: entra solo en placas con ranura DDR5. En una notebook NO entra, y en una placa DDR4 tampoco: el zocalo es distinto."
G.Skill,Flare X5 DDR5 6000 16GB,memoria ram,ranura_ddr5,pc_escritorio,ranura_ddr5,,notebook|macos,"Modulo de escritorio: entra solo en placas con ranura DDR5. En una notebook NO entra, y en una placa DDR4 tampoco: el zocalo es distinto."
G.Skill,Flare X5 DDR5 6000 32GB,memoria ram,ranura_ddr5,pc_escritorio,ranura_ddr5,,notebook|macos,"Modulo de escritorio: entra solo en placas con ranura DDR5. En una notebook NO entra, y en una placa DDR4 tampoco: el zocalo es distinto."
G.Skill,Flare X5 DDR5 6000 8GB,memoria ram,ranura_ddr5,pc_escritorio,ranura_ddr5,,notebook|macos,"Modulo de escritorio: entra solo en placas con ranura DDR5. En una notebook NO entra, y en una placa DDR4 tampoco: el zocalo es distinto."
G.Skill,Ripjaws V DDR4 3200 16GB,memoria ram,ranura_ddr4,pc_escritorio,ranura_ddr4,,notebook|macos,"Modulo de escritorio: entra solo en placas con ranura DDR4. En una notebook NO entra, y en una placa DDR5 tampoco: el zocalo es distinto."
G.Skill,Ripjaws V DDR4 3200 32GB,memoria ram,ranura_ddr4,pc_escritorio,ranura_ddr4,,notebook|macos,"Modulo de escritorio: entra solo en placas con ranura DDR4. En una notebook NO entra, y en una placa DDR5 tampoco: el zocalo es distinto."
G.Skill,Ripjaws V DDR4 3200 8GB,memoria ram,ranura_ddr4,pc_escritorio,ranura_ddr4,,notebook|macos,"Modulo de escritorio: entra solo en placas con ranura DDR4. En una notebook NO entra, y en una placa DDR5 tampoco: el zocalo es distinto."
G.Skill,Trident Z5 DDR5 6000 16GB,memoria ram,ranura_ddr5,pc_escritorio,ranura_ddr5,,notebook|macos,"Modulo de escritorio: entra solo en placas con ranura DDR5. En una notebook NO entra, y en una placa DDR4 tampoco: el zocalo es distinto."
G.Skill,Trident Z5 DDR5 6000 32GB,memoria ram,ranura_ddr5,pc_escritorio,ranura_ddr5,,notebook|macos,"Modulo de escritorio: entra solo en placas con ranura DDR5. En una notebook NO entra, y en una placa DDR4 tampoco: el zocalo es distinto."
G.Skill,Trident Z5 DDR5 6000 8GB,memoria ram,ranura_ddr5,pc_escritorio,ranura_ddr5,,notebook|macos,"Modulo de escritorio: entra solo en placas con ranura DDR5. En una notebook NO entra, y en una placa DDR4 tampoco: el zocalo es distinto."
Kingston,Fury Beast DDR4 3200 16GB,memoria ram,ranura_ddr4,pc_escritorio,ranura_ddr4,,notebook|macos,"Modulo de escritorio: entra solo en placas con ranura DDR4. En una notebook NO entra, y en una placa DDR5 tampoco: el zocalo es distinto."
Kingston,Fury Beast DDR4 3200 32GB,memoria ram,ranura_ddr4,pc_escritorio,ranura_ddr4,,notebook|macos,"Modulo de escritorio: entra solo en placas con ranura DDR4. En una notebook NO entra, y en una placa DDR5 tampoco: el zocalo es distinto."
Kingston,Fury Beast DDR4 3200 8GB,memoria ram,ranura_ddr4,pc_escritorio,ranura_ddr4,,notebook|macos,"Modulo de escritorio: entra solo en placas con ranura DDR4. En una notebook NO entra, y en una placa DDR5 tampoco: el zocalo es distinto."
Kingston,Fury Beast DDR5 5600 16GB,memoria ram,ranura_ddr5,pc_escritorio,ranura_ddr5,,notebook|macos,"Modulo de escritorio: entra solo en placas con ranura DDR5. En una notebook NO entra, y en una placa DDR4 tampoco: el zocalo es distinto."
Kingston,Fury Beast DDR5 5600 32GB,memoria ram,ranura_ddr5,pc_escritorio,ranura_ddr5,,notebook|macos,"Modulo de escritorio: entra solo en placas con ranura DDR5. En una notebook NO entra, y en una placa DDR4 tampoco: el zocalo es distinto."
Kingston,Fury Beast DDR5 5600 8GB,memoria ram,ranura_ddr5,pc_escritorio,ranura_ddr5,,notebook|macos,"Modulo de escritorio: entra solo en placas con ranura DDR5. En una notebook NO entra, y en una placa DDR4 tampoco: el zocalo es distinto."
Kingston,Fury Renegade DDR5 6400 16GB,memoria ram,ranura_ddr5,pc_escritorio,ranura_ddr5,,notebook|macos,"Modulo de escritorio: entra solo en placas con ranura DDR5. En una notebook NO entra, y en una placa DDR4 tampoco: el zocalo es distinto."
Kingston,Fury Renegade DDR5 6400 32GB,memoria ram,ranura_ddr5,pc_escritorio,ranura_ddr5,,notebook|macos,"Modulo de escritorio: entra solo en placas con ranura DDR5. En una notebook NO entra, y en una placa DDR4 tampoco: el zocalo es distinto."
Kingston,Fury Renegade DDR5 6400 8GB,memoria ram,ranura_ddr5,pc_escritorio,ranura_ddr5,,notebook|macos,"Modulo de escritorio: entra solo en placas con ranura DDR5. En una notebook NO entra, y en una placa DDR4 tampoco: el zocalo es distinto."
Patriot,Viper DDR4 3200 16GB,memoria ram,ranura_ddr4,pc_escritorio,ranura_ddr4,,notebook|macos,"Modulo de escritorio: entra solo en placas con ranura DDR4. En una notebook NO entra, y en una placa DDR5 tampoco: el zocalo es distinto."
Patriot,Viper DDR4 3200 32GB,memoria ram,ranura_ddr4,pc_escritorio,ranura_ddr4,,notebook|macos,"Modulo de escritorio: entra solo en placas con ranura DDR4. En una notebook NO entra, y en una placa DDR5 tampoco: el zocalo es distinto."
Patriot,Viper DDR4 3200 8GB,memoria ram,ranura_ddr4,pc_escritorio,ranura_ddr4,,notebook|macos,"Modulo de escritorio: entra solo en placas con ranura DDR4. En una notebook NO entra, y en una placa DDR5 tampoco: el zocalo es distinto."
Patriot,Viper Steel DDR4 3600 16GB,memoria ram,ranura_ddr4,pc_escritorio,ranura_ddr4,,notebook|macos,"Modulo de escritorio: entra solo en placas con ranura DDR4. En una notebook NO entra, y en una placa DDR5 tampoco: el zocalo es distinto."
Patriot,Viper Steel DDR4 3600 32GB,memoria ram,ranura_ddr4,pc_escritorio,ranura_ddr4,,notebook|macos,"Modulo de escritorio: entra solo en placas con ranura DDR4. En una notebook NO entra, y en una placa DDR5 tampoco: el zocalo es distinto."
Patriot,Viper Steel DDR4 3600 8GB,memoria ram,ranura_ddr4,pc_escritorio,ranura_ddr4,,notebook|macos,"Modulo de escritorio: entra solo en placas con ranura DDR4. En una notebook NO entra, y en una placa DDR5 tampoco: el zocalo es distinto."
TeamGroup,T-Force Delta RGB DDR5 16GB,memoria ram,ranura_ddr5,pc_escritorio,ranura_ddr5,,notebook|macos,"Modulo de escritorio: entra solo en placas con ranura DDR5. En una notebook NO entra, y en una placa DDR4 tampoco: el zocalo es distinto."
TeamGroup,T-Force Delta RGB DDR5 32GB,memoria ram,ranura_ddr5,pc_escritorio,ranura_ddr5,,notebook|macos,"Modulo de escritorio: entra solo en placas con ranura DDR5. En una notebook NO entra, y en una placa DDR4 tampoco: el zocalo es distinto."
TeamGroup,T-Force Delta RGB DDR5 8GB,memoria ram,ranura_ddr5,pc_escritorio,ranura_ddr5,,notebook|macos,"Modulo de escritorio: entra solo en placas con ranura DDR5. En una notebook NO entra, y en una placa DDR4 tampoco: el zocalo es distinto."
Blue,Yeti,microfono,puerto_usb_a,windows|macos|linux|notebook|pc_escritorio,puerto_usb_a|puerto_usb_c,,,USB plug and play: se enchufa y la compu lo reconoce sin instalar nada.
Blue,Yeti Nano,microfono,puerto_usb_a,windows|macos|linux|notebook|pc_escritorio,puerto_usb_a|puerto_usb_c,,,USB plug and play: se enchufa y la compu lo reconoce sin instalar nada.
FIFINE,AmpliGame A6T,microfono,puerto_usb_a,windows|macos|linux|notebook|pc_escritorio,puerto_usb_a|puerto_usb_c,,,USB plug and play: se enchufa y la compu lo reconoce sin instalar nada.
FIFINE,K669B,microfono,puerto_usb_a,windows|macos|linux|notebook|pc_escritorio,puerto_usb_a|puerto_usb_c,,,USB plug and play: se enchufa y la compu lo reconoce sin instalar nada.
FIFINE,T669,microfono,puerto_usb_a,windows|macos|linux|notebook|pc_escritorio,puerto_usb_a|puerto_usb_c,,,USB plug and play: se enchufa y la compu lo reconoce sin instalar nada.
HyperX,QuadCast S,microfono,puerto_usb_a,windows|macos|linux|notebook|pc_escritorio,puerto_usb_a|puerto_usb_c,,,USB plug and play: se enchufa y la compu lo reconoce sin instalar nada.
HyperX,SoloCast,microfono,puerto_usb_a,windows|macos|linux|notebook|pc_escritorio,puerto_usb_a|puerto_usb_c,,,USB plug and play: se enchufa y la compu lo reconoce sin instalar nada.
Razer,Seiren Mini,microfono,puerto_usb_a,windows|macos|linux|notebook|pc_escritorio,puerto_usb_a|puerto_usb_c,,,USB plug and play: se enchufa y la compu lo reconoce sin instalar nada.
Razer,Seiren V3 Mini,microfono,puerto_usb_a,windows|macos|linux|notebook|pc_escritorio,puerto_usb_a|puerto_usb_c,,,USB plug and play: se enchufa y la compu lo reconoce sin instalar nada.
Rode,NT-USB Mini,microfono,puerto_usb_c,windows|macos|linux|notebook|pc_escritorio,puerto_usb_a|puerto_usb_c,,,USB plug and play: se enchufa y la compu lo reconoce sin instalar nada.
Rode,NT-USB+,microfono,puerto_usb_c,windows|macos|linux|notebook|pc_escritorio,puerto_usb_a|puerto_usb_c,,,USB plug and play: se enchufa y la compu lo reconoce sin instalar nada.
Shure,MV7,microfono,puerto_usb_c,windows|macos|linux|notebook|pc_escritorio,puerto_usb_a|puerto_usb_c,,,USB plug and play: se enchufa y la compu lo reconoce sin instalar nada.
AOC,24B2XH,monitor,hdmi|displayport,windows|macos|linux|notebook|pc_escritorio|ps5|ps4|xbox|nintendo_switch,hdmi|displayport,,,Se conecta por HDMI o DisplayPort: sirve con la compu y tambien con la consola.
AOC,24G2,monitor,hdmi|displayport,windows|macos|linux|notebook|pc_escritorio|ps5|ps4|xbox|nintendo_switch,hdmi|displayport,,,Se conecta por HDMI o DisplayPort: sirve con la compu y tambien con la consola.
AOC,27G2,monitor,hdmi|displayport,windows|macos|linux|notebook|pc_escritorio|ps5|ps4|xbox|nintendo_switch,hdmi|displayport,,,Se conecta por HDMI o DisplayPort: sirve con la compu y tambien con la consola.
Asus,ProArt PA248QV,monitor,hdmi|displayport,windows|macos|linux|notebook|pc_escritorio|ps5|ps4|xbox|nintendo_switch,hdmi|displayport,,,Se conecta por HDMI o DisplayPort: sirve con la compu y tambien con la consola.
Asus,TUF VG249Q1A,monitor,hdmi|displayport,windows|macos|linux|notebook|pc_escritorio|ps5|ps4|xbox|nintendo_switch,hdmi|displayport,,,Se conecta por HDMI o DisplayPort: sirve con la compu y tambien con la consola.
Asus,TUF VG279Q1A,monitor,hdmi|displayport,windows|macos|linux|notebook|pc_escritorio|ps5|ps4|xbox|nintendo_switch,hdmi|displayport,,,Se conecta por HDMI o DisplayPort: sirve con la compu y tambien con la consola.
Dell,S2421HN,monitor,hdmi|displayport,windows|macos|linux|notebook|pc_escritorio|ps5|ps4|xbox|nintendo_switch,hdmi|displayport,,,Se conecta por HDMI o DisplayPort: sirve con la compu y tambien con la consola.
Gigabyte,G24F 2,monitor,hdmi|displayport,windows|macos|linux|notebook|pc_escritorio|ps5|ps4|xbox|nintendo_switch,hdmi|displayport,,,Se conecta por HDMI o DisplayPort: sirve con la compu y tambien con la consola.
Gigabyte,M27Q,monitor,hdmi|displayport,windows|macos|linux|notebook|pc_escritorio|ps5|ps4|xbox|nintendo_switch,hdmi|displayport,,,Se conecta por HDMI o DisplayPort: sirve con la compu y tambien con la consola.
LG,24MK430H,monitor,hdmi|displayport,windows|macos|linux|notebook|pc_escritorio|ps5|ps4|xbox|nintendo_switch,hdmi|displayport,,,Se conecta por HDMI o DisplayPort: sirve con la compu y tambien con la consola.
LG,27GP850 UltraGear,monitor,hdmi|displayport,windows|macos|linux|notebook|pc_escritorio|ps5|ps4|xbox|nintendo_switch,hdmi|displayport,,,Se conecta por HDMI o DisplayPort: sirve con la compu y tambien con la consola.
LG,29WP60G UltraWide,monitor,hdmi|displayport,windows|macos|linux|notebook|pc_escritorio|ps5|ps4|xbox|nintendo_switch,hdmi|displayport,,,Se conecta por HDMI o DisplayPort: sirve con la compu y tambien con la consola.
LG,32GN600,monitor,hdmi|displayport,windows|macos|linux|notebook|pc_escritorio|ps5|ps4|xbox|nintendo_switch,hdmi|displayport,,,Se conecta por HDMI o DisplayPort: sirve con la compu y tambien con la consola.
LG,34WP65C Curvo,monitor,hdmi|displayport,windows|macos|linux|notebook|pc_escritorio|ps5|ps4|xbox|nintendo_switch,hdmi|displayport,,,Se conecta por HDMI o DisplayPort: sirve con la compu y tambien con la consola.
MSI,G274F,monitor,hdmi|displayport,windows|macos|linux|notebook|pc_escritorio|ps5|ps4|xbox|nintendo_switch,hdmi|displayport,,,Se conecta por HDMI o DisplayPort: sirve con la compu y tambien con la consola.
Philips,242V8A,monitor,hdmi|displayport,windows|macos|linux|notebook|pc_escritorio|ps5|ps4|xbox|nintendo_switch,hdmi|displayport,,,Se conecta por HDMI o DisplayPort: sirve con la compu y tambien con la consola.
Philips,271E1,monitor,hdmi|displayport,windows|macos|linux|notebook|pc_escritorio|ps5|ps4|xbox|nintendo_switch,hdmi|displayport,,,Se conecta por HDMI o DisplayPort: sirve con la compu y tambien con la consola.
Samsung,Odyssey G3 24,monitor,hdmi|displayport,windows|macos|linux|notebook|pc_escritorio|ps5|ps4|xbox|nintendo_switch,hdmi|displayport,,,Se conecta por HDMI o DisplayPort: sirve con la compu y tambien con la consola.
Samsung,Odyssey G5 32,monitor,hdmi|displayport,windows|macos|linux|notebook|pc_escritorio|ps5|ps4|xbox|nintendo_switch,hdmi|displayport,,,Se conecta por HDMI o DisplayPort: sirve con la compu y tambien con la consola.
Samsung,Odyssey G9 49,monitor,hdmi|displayport,windows|macos|linux|notebook|pc_escritorio|ps5|ps4|xbox|nintendo_switch,hdmi|displayport,,,Se conecta por HDMI o DisplayPort: sirve con la compu y tambien con la consola.
Samsung,T35F 24,monitor,hdmi|displayport,windows|macos|linux|notebook|pc_escritorio|ps5|ps4|xbox|nintendo_switch,hdmi|displayport,,,Se conecta por HDMI o DisplayPort: sirve con la compu y tambien con la consola.
Samsung,ViewFinity S6,monitor,hdmi|displayport,windows|macos|linux|notebook|pc_escritorio|ps5|ps4|xbox|nintendo_switch,hdmi|displayport,,,Se conecta por HDMI o DisplayPort: sirve con la compu y tambien con la consola.
ViewSonic,VA2406,monitor,hdmi|displayport,windows|macos|linux|notebook|pc_escritorio|ps5|ps4|xbox|nintendo_switch,hdmi|displayport,,,Se conecta por HDMI o DisplayPort: sirve con la compu y tambien con la consola.
ViewSonic,VX2718,monitor,hdmi|displayport,windows|macos|linux|notebook|pc_escritorio|ps5|ps4|xbox|nintendo_switch,hdmi|displayport,,,Se conecta por HDMI o DisplayPort: sirve con la compu y tambien con la consola.
ASRock,B450M Steel Legend,motherboard,socket_am4,pc_escritorio,formato_micro_atx|fuente_atx,socket_am4|ranura_ddr4|ranura_m2_nvme|conector_sata|pcie_x16,notebook|macos,Acepta procesadores de ese zocalo y memorias de ese tipo. Tiene ranura M.2 para SSD y ranura PCIe para la placa de video.
ASRock,B650M-HDV/M.2,motherboard,socket_am5,pc_escritorio,formato_micro_atx|fuente_atx,socket_am5|ranura_ddr5|ranura_m2_nvme|conector_sata|pcie_x16,notebook|macos,Acepta procesadores de ese zocalo y memorias de ese tipo. Tiene ranura M.2 para SSD y ranura PCIe para la placa de video.
Asus,Prime B550M-A,motherboard,socket_am4,pc_escritorio,formato_micro_atx|fuente_atx,socket_am4|ranura_ddr4|ranura_m2_nvme|conector_sata|pcie_x16,notebook|macos,Acepta procesadores de ese zocalo y memorias de ese tipo. Tiene ranura M.2 para SSD y ranura PCIe para la placa de video.
Asus,Prime B650-Plus,motherboard,socket_am5,pc_escritorio,formato_atx|fuente_atx,socket_am5|ranura_ddr5|ranura_m2_nvme|conector_sata|pcie_x16,notebook|macos,Acepta procesadores de ese zocalo y memorias de ese tipo. Tiene ranura M.2 para SSD y ranura PCIe para la placa de video.
Asus,ROG Strix B550-F,motherboard,socket_am4,pc_escritorio,formato_atx|fuente_atx,socket_am4|ranura_ddr4|ranura_m2_nvme|conector_sata|pcie_x16,notebook|macos,Acepta procesadores de ese zocalo y memorias de ese tipo. Tiene ranura M.2 para SSD y ranura PCIe para la placa de video.
Asus,TUF B650-Plus WiFi,motherboard,socket_am5,pc_escritorio,formato_atx|fuente_atx,socket_am5|ranura_ddr5|ranura_m2_nvme|conector_sata|pcie_x16,notebook|macos,Acepta procesadores de ese zocalo y memorias de ese tipo. Tiene ranura M.2 para SSD y ranura PCIe para la placa de video.
Asus,TUF B760-Plus WiFi,motherboard,socket_lga1700,pc_escritorio,formato_atx|fuente_atx,socket_lga1700|ranura_ddr5|ranura_m2_nvme|conector_sata|pcie_x16,notebook|macos,Acepta procesadores de ese zocalo y memorias de ese tipo. Tiene ranura M.2 para SSD y ranura PCIe para la placa de video.
Gigabyte,A520M K,motherboard,socket_am4,pc_escritorio,formato_micro_atx|fuente_atx,socket_am4|ranura_ddr4|ranura_m2_nvme|conector_sata|pcie_x16,notebook|macos,Acepta procesadores de ese zocalo y memorias de ese tipo. Tiene ranura M.2 para SSD y ranura PCIe para la placa de video.
Gigabyte,B550M DS3H,motherboard,socket_am4,pc_escritorio,formato_micro_atx|fuente_atx,socket_am4|ranura_ddr4|ranura_m2_nvme|conector_sata|pcie_x16,notebook|macos,Acepta procesadores de ese zocalo y memorias de ese tipo. Tiene ranura M.2 para SSD y ranura PCIe para la placa de video.
Gigabyte,B650 Gaming X AX,motherboard,socket_am5,pc_escritorio,formato_atx|fuente_atx,socket_am5|ranura_ddr5|ranura_m2_nvme|conector_sata|pcie_x16,notebook|macos,Acepta procesadores de ese zocalo y memorias de ese tipo. Tiene ranura M.2 para SSD y ranura PCIe para la placa de video.
Gigabyte,B760M DS3H,motherboard,socket_lga1700,pc_escritorio,formato_micro_atx|fuente_atx,socket_lga1700|ranura_ddr5|ranura_m2_nvme|conector_sata|pcie_x16,notebook|macos,Acepta procesadores de ese zocalo y memorias de ese tipo. Tiene ranura M.2 para SSD y ranura PCIe para la placa de video.
MSI,B550 Tomahawk,motherboard,socket_am4,pc_escritorio,formato_atx|fuente_atx,socket_am4|ranura_ddr4|ranura_m2_nvme|conector_sata|pcie_x16,notebook|macos,Acepta procesadores de ese zocalo y memorias de ese tipo. Tiene ranura M.2 para SSD y ranura PCIe para la placa de video.
MSI,MAG B650 Tomahawk WiFi,motherboard,socket_am5,pc_escritorio,formato_atx|fuente_atx,socket_am5|ranura_ddr5|ranura_m2_nvme|conector_sata|pcie_x16,notebook|macos,Acepta procesadores de ese zocalo y memorias de ese tipo. Tiene ranura M.2 para SSD y ranura PCIe para la placa de video.
MSI,PRO B550M-VC,motherboard,socket_am4,pc_escritorio,formato_micro_atx|fuente_atx,socket_am4|ranura_ddr4|ranura_m2_nvme|conector_sata|pcie_x16,notebook|macos,Acepta procesadores de ese zocalo y memorias de ese tipo. Tiene ranura M.2 para SSD y ranura PCIe para la placa de video.
MSI,PRO B760M-A WiFi,motherboard,socket_lga1700,pc_escritorio,formato_micro_atx|fuente_atx,socket_lga1700|ranura_ddr5|ranura_m2_nvme|conector_sata|pcie_x16,notebook|macos,Acepta procesadores de ese zocalo y memorias de ese tipo. Tiene ranura M.2 para SSD y ranura PCIe para la placa de video.
Genius,DX-110,mouse,puerto_usb_a,windows|macos|linux|notebook|pc_escritorio,puerto_usb_a,,,Con cable USB: entra en cualquier puerto USB libre.
Genius,NX-7000,mouse,receptor_usb,windows|macos|linux|notebook|pc_escritorio,puerto_usb_a,,,"Inalambrico con receptor USB incluido: se enchufa el receptor y anda, no necesita Bluetooth."
Glorious,Model O,mouse,puerto_usb_a,windows|macos|linux|notebook|pc_escritorio,puerto_usb_a,,,Con cable USB: entra en cualquier puerto USB libre.
HyperX,Pulsefire Core,mouse,puerto_usb_a,windows|macos|linux|notebook|pc_escritorio,puerto_usb_a,,,Con cable USB: entra en cualquier puerto USB libre.
HyperX,Pulsefire Haste 2,mouse,puerto_usb_a,windows|macos|linux|notebook|pc_escritorio,puerto_usb_a,,,Con cable USB: entra en cualquier puerto USB libre.
Logitech,G Pro Wireless,mouse,receptor_usb,windows|macos|linux|notebook|pc_escritorio,puerto_usb_a,,,"Inalambrico con receptor USB incluido: se enchufa el receptor y anda, no necesita Bluetooth."
Logitech,G Pro X Superlight,mouse,receptor_usb,windows|macos|linux|notebook|pc_escritorio,puerto_usb_a,,,"Inalambrico con receptor USB incluido: se enchufa el receptor y anda, no necesita Bluetooth."
Logitech,G203 Lightsync,mouse,puerto_usb_a,windows|macos|linux|notebook|pc_escritorio,puerto_usb_a,,,Con cable USB: entra en cualquier puerto USB libre.
Logitech,G305 Lightspeed,mouse,receptor_usb,windows|macos|linux|notebook|pc_escritorio,puerto_usb_a,,,"Inalambrico con receptor USB incluido: se enchufa el receptor y anda, no necesita Bluetooth."
Logitech,G502 Hero,mouse,puerto_usb_a,windows|macos|linux|notebook|pc_escritorio,puerto_usb_a,,,Con cable USB: entra en cualquier puerto USB libre.
Logitech,G502 X,mouse,puerto_usb_a,windows|macos|linux|notebook|pc_escritorio,puerto_usb_a,,,Con cable USB: entra en cualquier puerto USB libre.
Logitech,G600 MMO,mouse,puerto_usb_a,windows|macos|linux|notebook|pc_escritorio,puerto_usb_a,,,Con cable USB: entra en cualquier puerto USB libre.
Logitech,M170,mouse,receptor_usb,windows|macos|linux|notebook|pc_escritorio,puerto_usb_a,,,"Inalambrico con receptor USB incluido: se enchufa el receptor y anda, no necesita Bluetooth."
Logitech,M220 Silent,mouse,receptor_usb,windows|macos|linux|notebook|pc_escritorio,puerto_usb_a,,,"Inalambrico con receptor USB incluido: se enchufa el receptor y anda, no necesita Bluetooth."
Logitech,MX Master 3S,mouse,bluetooth|receptor_usb,windows|macos|linux|notebook|pc_escritorio,puerto_usb_a|bluetooth,,,Anda por Bluetooth o con su receptor USB; con el receptor no hace falta que el equipo tenga Bluetooth.
Microsoft,Classic IntelliMouse,mouse,puerto_usb_a,windows|macos|linux|notebook|pc_escritorio,puerto_usb_a,,,Con cable USB: entra en cualquier puerto USB libre.
Razer,Basilisk V3,mouse,puerto_usb_a,windows|macos|linux|notebook|pc_escritorio,puerto_usb_a,,,Con cable USB: entra en cualquier puerto USB libre.
Razer,Cobra,mouse,puerto_usb_a,windows|macos|linux|notebook|pc_escritorio,puerto_usb_a,,,Con cable USB: entra en cualquier puerto USB libre.
Razer,DeathAdder V3,mouse,puerto_usb_a,windows|macos|linux|notebook|pc_escritorio,puerto_usb_a,,,Con cable USB: entra en cualquier puerto USB libre.
Razer,Naga V2 Pro,mouse,bluetooth|receptor_usb,windows|macos|linux|notebook|pc_escritorio,puerto_usb_a|bluetooth,,,Anda por Bluetooth o con su receptor USB; con el receptor no hace falta que el equipo tenga Bluetooth.
Razer,Orochi V2,mouse,bluetooth|receptor_usb,windows|macos|linux|notebook|pc_escritorio,puerto_usb_a|bluetooth,,,Anda por Bluetooth o con su receptor USB; con el receptor no hace falta que el equipo tenga Bluetooth.
Razer,Viper V3 Pro,mouse,receptor_usb,windows|macos|linux|notebook|pc_escritorio,puerto_usb_a,,,"Inalambrico con receptor USB incluido: se enchufa el receptor y anda, no necesita Bluetooth."
Redragon,Cobra M711,mouse,puerto_usb_a,windows|macos|linux|notebook|pc_escritorio,puerto_usb_a,,,Con cable USB: entra en cualquier puerto USB libre.
Redragon,King Cobra,mouse,puerto_usb_a,windows|macos|linux|notebook|pc_escritorio,puerto_usb_a,,,Con cable USB: entra en cualquier puerto USB libre.
Redragon,Predator,mouse,puerto_usb_a,windows|macos|linux|notebook|pc_escritorio,puerto_usb_a,,,Con cable USB: entra en cualquier puerto USB libre.
Redragon,Storm Elite,mouse,puerto_usb_a,windows|macos|linux|notebook|pc_escritorio,puerto_usb_a,,,Con cable USB: entra en cualquier puerto USB libre.
Acer,Aspire 5 Core i5 16GB 512GB SSD,notebook,wifi|bluetooth,windows,,puerto_usb_a|puerto_usb_c|hdmi|bluetooth|wifi|jack_35,,"Viene con Windows. Tiene USB, USB-C, HDMI, Bluetooth y WiFi, asi que le entra cualquier periferico del listado."
Acer,Aspire 5 Core i7 16GB 1TB SSD,notebook,wifi|bluetooth,windows,,puerto_usb_a|puerto_usb_c|hdmi|bluetooth|wifi|jack_35,,"Viene con Windows. Tiene USB, USB-C, HDMI, Bluetooth y WiFi, asi que le entra cualquier periferico del listado."
Acer,Aspire 5 Ryzen 7 16GB 512GB SSD,notebook,wifi|bluetooth,windows,,puerto_usb_a|puerto_usb_c|hdmi|bluetooth|wifi|jack_35,,"Viene con Windows. Tiene USB, USB-C, HDMI, Bluetooth y WiFi, asi que le entra cualquier periferico del listado."
Acer,Nitro 5 Core i5 16GB 512GB SSD,notebook,wifi|bluetooth,windows,,puerto_usb_a|puerto_usb_c|hdmi|bluetooth|wifi|jack_35,,"Viene con Windows. Tiene USB, USB-C, HDMI, Bluetooth y WiFi, asi que le entra cualquier periferico del listado."
Acer,Nitro 5 Core i7 16GB 1TB SSD,notebook,wifi|bluetooth,windows,,puerto_usb_a|puerto_usb_c|hdmi|bluetooth|wifi|jack_35,,"Viene con Windows. Tiene USB, USB-C, HDMI, Bluetooth y WiFi, asi que le entra cualquier periferico del listado."
Acer,Nitro 5 Ryzen 7 16GB 512GB SSD,notebook,wifi|bluetooth,windows,,puerto_usb_a|puerto_usb_c|hdmi|bluetooth|wifi|jack_35,,"Viene con Windows. Tiene USB, USB-C, HDMI, Bluetooth y WiFi, asi que le entra cualquier periferico del listado."
Acer,Swift Go 14 Core i5 16GB 512GB SSD,notebook,wifi|bluetooth,windows,,puerto_usb_a|puerto_usb_c|hdmi|bluetooth|wifi|jack_35,,"Viene con Windows. Tiene USB, USB-C, HDMI, Bluetooth y WiFi, asi que le entra cualquier periferico del listado."
Acer,Swift Go 14 Core i7 16GB 1TB SSD,notebook,wifi|bluetooth,windows,,puerto_usb_a|puerto_usb_c|hdmi|bluetooth|wifi|jack_35,,"Viene con Windows. Tiene USB, USB-C, HDMI, Bluetooth y WiFi, asi que le entra cualquier periferico del listado."
Acer,Swift Go 14 Ryzen 7 16GB 512GB SSD,notebook,wifi|bluetooth,windows,,puerto_usb_a|puerto_usb_c|hdmi|bluetooth|wifi|jack_35,,"Viene con Windows. Tiene USB, USB-C, HDMI, Bluetooth y WiFi, asi que le entra cualquier periferico del listado."
Asus,ROG Strix G16 Core i5 16GB 512GB SSD,notebook,wifi|bluetooth,windows,,puerto_usb_a|puerto_usb_c|hdmi|bluetooth|wifi|jack_35,,"Viene con Windows. Tiene USB, USB-C, HDMI, Bluetooth y WiFi, asi que le entra cualquier periferico del listado."
Asus,ROG Strix G16 Core i7 16GB 1TB SSD,notebook,wifi|bluetooth,windows,,puerto_usb_a|puerto_usb_c|hdmi|bluetooth|wifi|jack_35,,"Viene con Windows. Tiene USB, USB-C, HDMI, Bluetooth y WiFi, asi que le entra cualquier periferico del listado."
Asus,ROG Strix G16 Ryzen 7 16GB 512GB SSD,notebook,wifi|bluetooth,windows,,puerto_usb_a|puerto_usb_c|hdmi|bluetooth|wifi|jack_35,,"Viene con Windows. Tiene USB, USB-C, HDMI, Bluetooth y WiFi, asi que le entra cualquier periferico del listado."
Asus,TUF Gaming F15 Core i5 16GB 512GB SSD,notebook,wifi|bluetooth,windows,,puerto_usb_a|puerto_usb_c|hdmi|bluetooth|wifi|jack_35,,"Viene con Windows. Tiene USB, USB-C, HDMI, Bluetooth y WiFi, asi que le entra cualquier periferico del listado."
Asus,TUF Gaming F15 Core i7 16GB 1TB SSD,notebook,wifi|bluetooth,windows,,puerto_usb_a|puerto_usb_c|hdmi|bluetooth|wifi|jack_35,,"Viene con Windows. Tiene USB, USB-C, HDMI, Bluetooth y WiFi, asi que le entra cualquier periferico del listado."
Asus,TUF Gaming F15 Ryzen 7 16GB 512GB SSD,notebook,wifi|bluetooth,windows,,puerto_usb_a|puerto_usb_c|hdmi|bluetooth|wifi|jack_35,,"Viene con Windows. Tiene USB, USB-C, HDMI, Bluetooth y WiFi, asi que le entra cualquier periferico del listado."
Asus,Vivobook 15 Core i5 16GB 512GB SSD,notebook,wifi|bluetooth,windows,,puerto_usb_a|puerto_usb_c|hdmi|bluetooth|wifi|jack_35,,"Viene con Windows. Tiene USB, USB-C, HDMI, Bluetooth y WiFi, asi que le entra cualquier periferico del listado."
Asus,Vivobook 15 Core i7 16GB 1TB SSD,notebook,wifi|bluetooth,windows,,puerto_usb_a|puerto_usb_c|hdmi|bluetooth|wifi|jack_35,,"Viene con Windows. Tiene USB, USB-C, HDMI, Bluetooth y WiFi, asi que le entra cualquier periferico del listado."
Asus,Vivobook 15 Ryzen 7 16GB 512GB SSD,notebook,wifi|bluetooth,windows,,puerto_usb_a|puerto_usb_c|hdmi|bluetooth|wifi|jack_35,,"Viene con Windows. Tiene USB, USB-C, HDMI, Bluetooth y WiFi, asi que le entra cualquier periferico del listado."
Asus,Zenbook 14 OLED Core i5 16GB 512GB SSD,notebook,wifi|bluetooth,windows,,puerto_usb_a|puerto_usb_c|hdmi|bluetooth|wifi|jack_35,,"Viene con Windows. Tiene USB, USB-C, HDMI, Bluetooth y WiFi, asi que le entra cualquier periferico del listado."
Asus,Zenbook 14 OLED Core i7 16GB 1TB SSD,notebook,wifi|bluetooth,windows,,puerto_usb_a|puerto_usb_c|hdmi|bluetooth|wifi|jack_35,,"Viene con Windows. Tiene USB, USB-C, HDMI, Bluetooth y WiFi, asi que le entra cualquier periferico del listado."
Asus,Zenbook 14 OLED Ryzen 7 16GB 512GB SSD,notebook,wifi|bluetooth,windows,,puerto_usb_a|puerto_usb_c|hdmi|bluetooth|wifi|jack_35,,"Viene con Windows. Tiene USB, USB-C, HDMI, Bluetooth y WiFi, asi que le entra cualquier periferico del listado."
Dell,G15 Core i5 16GB 512GB SSD,notebook,wifi|bluetooth,windows,,puerto_usb_a|puerto_usb_c|hdmi|bluetooth|wifi|jack_35,,"Viene con Windows. Tiene USB, USB-C, HDMI, Bluetooth y WiFi, asi que le entra cualquier periferico del listado."
Dell,G15 Core i7 16GB 1TB SSD,notebook,wifi|bluetooth,windows,,puerto_usb_a|puerto_usb_c|hdmi|bluetooth|wifi|jack_35,,"Viene con Windows. Tiene USB, USB-C, HDMI, Bluetooth y WiFi, asi que le entra cualquier periferico del listado."
Dell,G15 Ryzen 7 16GB 512GB SSD,notebook,wifi|bluetooth,windows,,puerto_usb_a|puerto_usb_c|hdmi|bluetooth|wifi|jack_35,,"Viene con Windows. Tiene USB, USB-C, HDMI, Bluetooth y WiFi, asi que le entra cualquier periferico del listado."
Dell,Inspiron 15 3520 Core i5 16GB 512GB SSD,notebook,wifi|bluetooth,windows,,puerto_usb_a|puerto_usb_c|hdmi|bluetooth|wifi|jack_35,,"Viene con Windows. Tiene USB, USB-C, HDMI, Bluetooth y WiFi, asi que le entra cualquier periferico del listado."
Dell,Inspiron 15 3520 Core i7 16GB 1TB SSD,notebook,wifi|bluetooth,windows,,puerto_usb_a|puerto_usb_c|hdmi|bluetooth|wifi|jack_35,,"Viene con Windows. Tiene USB, USB-C, HDMI, Bluetooth y WiFi, asi que le entra cualquier periferico del listado."
Dell,Inspiron 15 3520 Ryzen 7 16GB 512GB SSD,notebook,wifi|bluetooth,windows,,puerto_usb_a|puerto_usb_c|hdmi|bluetooth|wifi|jack_35,,"Viene con Windows. Tiene USB, USB-C, HDMI, Bluetooth y WiFi, asi que le entra cualquier periferico del listado."
Dell,Latitude 3540 Core i5 16GB 512GB SSD,notebook,wifi|bluetooth,windows,,puerto_usb_a|puerto_usb_c|hdmi|bluetooth|wifi|jack_35,,"Viene con Windows. Tiene USB, USB-C, HDMI, Bluetooth y WiFi, asi que le entra cualquier periferico del listado."
Dell,Latitude 3540 Core i7 16GB 1TB SSD,notebook,wifi|bluetooth,windows,,puerto_usb_a|puerto_usb_c|hdmi|bluetooth|wifi|jack_35,,"Viene con Windows. Tiene USB, USB-C, HDMI, Bluetooth y WiFi, asi que le entra cualquier periferico del listado."
Dell,Latitude 3540 Ryzen 7 16GB 512GB SSD,notebook,wifi|bluetooth,windows,,puerto_usb_a|puerto_usb_c|hdmi|bluetooth|wifi|jack_35,,"Viene con Windows. Tiene USB, USB-C, HDMI, Bluetooth y WiFi, asi que le entra cualquier periferico del listado."
HP,245 G9 Core i5 16GB 512GB SSD,notebook,wifi|bluetooth,windows,,puerto_usb_a|puerto_usb_c|hdmi|bluetooth|wifi|jack_35,,"Viene con Windows. Tiene USB, USB-C, HDMI, Bluetooth y WiFi, asi que le entra cualquier periferico del listado."
HP,245 G9 Core i7 16GB 1TB SSD,notebook,wifi|bluetooth,windows,,puerto_usb_a|puerto_usb_c|hdmi|bluetooth|wifi|jack_35,,"Viene con Windows. Tiene USB, USB-C, HDMI, Bluetooth y WiFi, asi que le entra cualquier periferico del listado."
HP,245 G9 Ryzen 7 16GB 512GB SSD,notebook,wifi|bluetooth,windows,,puerto_usb_a|puerto_usb_c|hdmi|bluetooth|wifi|jack_35,,"Viene con Windows. Tiene USB, USB-C, HDMI, Bluetooth y WiFi, asi que le entra cualquier periferico del listado."
HP,Omen 16 Core i5 16GB 512GB SSD,notebook,wifi|bluetooth,windows,,puerto_usb_a|puerto_usb_c|hdmi|bluetooth|wifi|jack_35,,"Viene con Windows. Tiene USB, USB-C, HDMI, Bluetooth y WiFi, asi que le entra cualquier periferico del listado."
HP,Omen 16 Core i7 16GB 1TB SSD,notebook,wifi|bluetooth,windows,,puerto_usb_a|puerto_usb_c|hdmi|bluetooth|wifi|jack_35,,"Viene con Windows. Tiene USB, USB-C, HDMI, Bluetooth y WiFi, asi que le entra cualquier periferico del listado."
HP,Omen 16 Ryzen 7 16GB 512GB SSD,notebook,wifi|bluetooth,windows,,puerto_usb_a|puerto_usb_c|hdmi|bluetooth|wifi|jack_35,,"Viene con Windows. Tiene USB, USB-C, HDMI, Bluetooth y WiFi, asi que le entra cualquier periferico del listado."
HP,Pavilion 15 Core i5 16GB 512GB SSD,notebook,wifi|bluetooth,windows,,puerto_usb_a|puerto_usb_c|hdmi|bluetooth|wifi|jack_35,,"Viene con Windows. Tiene USB, USB-C, HDMI, Bluetooth y WiFi, asi que le entra cualquier periferico del listado."
HP,Pavilion 15 Core i7 16GB 1TB SSD,notebook,wifi|bluetooth,windows,,puerto_usb_a|puerto_usb_c|hdmi|bluetooth|wifi|jack_35,,"Viene con Windows. Tiene USB, USB-C, HDMI, Bluetooth y WiFi, asi que le entra cualquier periferico del listado."
HP,Pavilion 15 Ryzen 7 16GB 512GB SSD,notebook,wifi|bluetooth,windows,,puerto_usb_a|puerto_usb_c|hdmi|bluetooth|wifi|jack_35,,"Viene con Windows. Tiene USB, USB-C, HDMI, Bluetooth y WiFi, asi que le entra cualquier periferico del listado."
HP,Victus 15 Core i5 16GB 512GB SSD,notebook,wifi|bluetooth,windows,,puerto_usb_a|puerto_usb_c|hdmi|bluetooth|wifi|jack_35,,"Viene con Windows. Tiene USB, USB-C, HDMI, Bluetooth y WiFi, asi que le entra cualquier periferico del listado."
HP,Victus 15 Core i7 16GB 1TB SSD,notebook,wifi|bluetooth,windows,,puerto_usb_a|puerto_usb_c|hdmi|bluetooth|wifi|jack_35,,"Viene con Windows. Tiene USB, USB-C, HDMI, Bluetooth y WiFi, asi que le entra cualquier periferico del listado."
HP,Victus 15 Ryzen 7 16GB 512GB SSD,notebook,wifi|bluetooth,windows,,puerto_usb_a|puerto_usb_c|hdmi|bluetooth|wifi|jack_35,,"Viene con Windows. Tiene USB, USB-C, HDMI, Bluetooth y WiFi, asi que le entra cualquier periferico del listado."
Lenovo,IdeaPad 3 Core i5 16GB 512GB SSD,notebook,wifi|bluetooth,windows,,puerto_usb_a|puerto_usb_c|hdmi|bluetooth|wifi|jack_35,,"Viene con Windows. Tiene USB, USB-C, HDMI, Bluetooth y WiFi, asi que le entra cualquier periferico del listado."
Lenovo,IdeaPad 3 Core i7 16GB 1TB SSD,notebook,wifi|bluetooth,windows,,puerto_usb_a|puerto_usb_c|hdmi|bluetooth|wifi|jack_35,,"Viene con Windows. Tiene USB, USB-C, HDMI, Bluetooth y WiFi, asi que le entra cualquier periferico del listado."
Lenovo,IdeaPad 3 Ryzen 7 16GB 512GB SSD,notebook,wifi|bluetooth,windows,,puerto_usb_a|puerto_usb_c|hdmi|bluetooth|wifi|jack_35,,"Viene con Windows. Tiene USB, USB-C, HDMI, Bluetooth y WiFi, asi que le entra cualquier periferico del listado."
Lenovo,IdeaPad Slim 5 Core i5 16GB 512GB SSD,notebook,wifi|bluetooth,windows,,puerto_usb_a|puerto_usb_c|hdmi|bluetooth|wifi|jack_35,,"Viene con Windows. Tiene USB, USB-C, HDMI, Bluetooth y WiFi, asi que le entra cualquier periferico del listado."
Lenovo,IdeaPad Slim 5 Core i7 16GB 1TB SSD,notebook,wifi|bluetooth,windows,,puerto_usb_a|puerto_usb_c|hdmi|bluetooth|wifi|jack_35,,"Viene con Windows. Tiene USB, USB-C, HDMI, Bluetooth y WiFi, asi que le entra cualquier periferico del listado."
Lenovo,IdeaPad Slim 5 Ryzen 7 16GB 512GB SSD,notebook,wifi|bluetooth,windows,,puerto_usb_a|puerto_usb_c|hdmi|bluetooth|wifi|jack_35,,"Viene con Windows. Tiene USB, USB-C, HDMI, Bluetooth y WiFi, asi que le entra cualquier periferico del listado."
Lenovo,LOQ 15 Core i5 16GB 512GB SSD,notebook,wifi|bluetooth,windows,,puerto_usb_a|puerto_usb_c|hdmi|bluetooth|wifi|jack_35,,"Viene con Windows. Tiene USB, USB-C, HDMI, Bluetooth y WiFi, asi que le entra cualquier periferico del listado."
Lenovo,LOQ 15 Core i7 16GB 1TB SSD,notebook,wifi|bluetooth,windows,,puerto_usb_a|puerto_usb_c|hdmi|bluetooth|wifi|jack_35,,"Viene con Windows. Tiene USB, USB-C, HDMI, Bluetooth y WiFi, asi que le entra cualquier periferico del listado."
Lenovo,LOQ 15 Ryzen 7 16GB 512GB SSD,notebook,wifi|bluetooth,windows,,puerto_usb_a|puerto_usb_c|hdmi|bluetooth|wifi|jack_35,,"Viene con Windows. Tiene USB, USB-C, HDMI, Bluetooth y WiFi, asi que le entra cualquier periferico del listado."
Lenovo,Legion 5 Core i5 16GB 512GB SSD,notebook,wifi|bluetooth,windows,,puerto_usb_a|puerto_usb_c|hdmi|bluetooth|wifi|jack_35,,"Viene con Windows. Tiene USB, USB-C, HDMI, Bluetooth y WiFi, asi que le entra cualquier periferico del listado."
Lenovo,Legion 5 Core i7 16GB 1TB SSD,notebook,wifi|bluetooth,windows,,puerto_usb_a|puerto_usb_c|hdmi|bluetooth|wifi|jack_35,,"Viene con Windows. Tiene USB, USB-C, HDMI, Bluetooth y WiFi, asi que le entra cualquier periferico del listado."
Lenovo,Legion 5 Ryzen 7 16GB 512GB SSD,notebook,wifi|bluetooth,windows,,puerto_usb_a|puerto_usb_c|hdmi|bluetooth|wifi|jack_35,,"Viene con Windows. Tiene USB, USB-C, HDMI, Bluetooth y WiFi, asi que le entra cualquier periferico del listado."
Lenovo,ThinkPad E14 Core i5 16GB 512GB SSD,notebook,wifi|bluetooth,windows,,puerto_usb_a|puerto_usb_c|hdmi|bluetooth|wifi|jack_35,,"Viene con Windows. Tiene USB, USB-C, HDMI, Bluetooth y WiFi, asi que le entra cualquier periferico del listado."
Lenovo,ThinkPad E14 Core i7 16GB 1TB SSD,notebook,wifi|bluetooth,windows,,puerto_usb_a|puerto_usb_c|hdmi|bluetooth|wifi|jack_35,,"Viene con Windows. Tiene USB, USB-C, HDMI, Bluetooth y WiFi, asi que le entra cualquier periferico del listado."
Lenovo,ThinkPad E14 Ryzen 7 16GB 512GB SSD,notebook,wifi|bluetooth,windows,,puerto_usb_a|puerto_usb_c|hdmi|bluetooth|wifi|jack_35,,"Viene con Windows. Tiene USB, USB-C, HDMI, Bluetooth y WiFi, asi que le entra cualquier periferico del listado."
Edifier,R1280T,parlante,jack_35|rca,windows|macos|linux|notebook|pc_escritorio|smart_tv,jack_35|rca,,,Con cable de 3.5 mm a la salida de audio de la compu. Tambien tiene entradas RCA para el televisor.
Edifier,R1700BT,parlante,bluetooth|jack_35|rca,windows|macos|linux|notebook|pc_escritorio|android|ios|smart_tv,bluetooth|jack_35,,,Bluetooth o cable: podes usarlo con la compu por cable y con el celular por Bluetooth.
Genius,SP-HF180,parlante,jack_35,windows|macos|linux|notebook|pc_escritorio,jack_35,,,Con cable de 3.5 mm a la salida de audio de la compu.
Genius,SW-2.1 375,parlante,jack_35,windows|macos|linux|notebook|pc_escritorio,jack_35,,,Con cable de 3.5 mm a la salida de audio de la compu.
JBL,Charge 5,parlante,bluetooth,windows|macos|linux|notebook|pc_escritorio|android|ios|smart_tv,bluetooth,,,"Portatil por Bluetooth: se empareja con el celular, la tablet o la compu."
JBL,Clip 4,parlante,bluetooth,windows|macos|linux|notebook|pc_escritorio|android|ios|smart_tv,bluetooth,,,"Portatil por Bluetooth: se empareja con el celular, la tablet o la compu."
JBL,Flip 6,parlante,bluetooth,windows|macos|linux|notebook|pc_escritorio|android|ios|smart_tv,bluetooth,,,"Portatil por Bluetooth: se empareja con el celular, la tablet o la compu."
JBL,Go 3,parlante,bluetooth,windows|macos|linux|notebook|pc_escritorio|android|ios|smart_tv,bluetooth,,,"Portatil por Bluetooth: se empareja con el celular, la tablet o la compu."
Logitech,Z207 Bluetooth,parlante,bluetooth|jack_35|rca,windows|macos|linux|notebook|pc_escritorio|android|ios|smart_tv,bluetooth|jack_35,,,Bluetooth o cable: podes usarlo con la compu por cable y con el celular por Bluetooth.
Logitech,Z313,parlante,jack_35,windows|macos|linux|notebook|pc_escritorio,jack_35,,,Con cable de 3.5 mm a la salida de audio de la compu.
Logitech,Z625 THX,parlante,jack_35|rca,windows|macos|linux|notebook|pc_escritorio|smart_tv,jack_35|rca,,,Con cable de 3.5 mm a la salida de audio de la compu. Tambien tiene entradas RCA para el televisor.
Logitech,Z906 5.1,parlante,jack_35|rca,windows|macos|linux|notebook|pc_escritorio|smart_tv,jack_35|rca,,,Con cable de 3.5 mm a la salida de audio de la compu. Tambien tiene entradas RCA para el televisor.
ASRock,Challenger RX 7600 XT,placa de video,pcie_x16,pc_escritorio,pcie_x16|fuente_atx,,notebook|macos,Va en la ranura PCIe de una PC de escritorio y necesita una fuente con la potencia y los conectores que pide. En una notebook no se puede poner.
Asus,Dual RTX 4060,placa de video,pcie_x16,pc_escritorio,pcie_x16|fuente_atx,,notebook|macos,Va en la ranura PCIe de una PC de escritorio y necesita una fuente con la potencia y los conectores que pide. En una notebook no se puede poner.
Asus,Dual RTX 4070 Super,placa de video,pcie_x16,pc_escritorio,pcie_x16|fuente_atx,,notebook|macos,Va en la ranura PCIe de una PC de escritorio y necesita una fuente con la potencia y los conectores que pide. En una notebook no se puede poner.
Asus,ROG Strix RTX 4080 Super,placa de video,pcie_x16,pc_escritorio,pcie_x16|fuente_atx,,notebook|macos,Va en la ranura PCIe de una PC de escritorio y necesita una fuente con la potencia y los conectores que pide. En una notebook no se puede poner.
Asus,TUF RTX 4080 Super,placa de video,pcie_x16,pc_escritorio,pcie_x16|fuente_atx,,notebook|macos,Va en la ranura PCIe de una PC de escritorio y necesita una fuente con la potencia y los conectores que pide. En una notebook no se puede poner.
Gigabyte,Eagle RTX 4060,placa de video,pcie_x16,pc_escritorio,pcie_x16|fuente_atx,,notebook|macos,Va en la ranura PCIe de una PC de escritorio y necesita una fuente con la potencia y los conectores que pide. En una notebook no se puede poner.
Gigabyte,Gaming OC RTX 4060 Ti,placa de video,pcie_x16,pc_escritorio,pcie_x16|fuente_atx,,notebook|macos,Va en la ranura PCIe de una PC de escritorio y necesita una fuente con la potencia y los conectores que pide. En una notebook no se puede poner.
Gigabyte,Gaming OC RTX 4070 Ti Super,placa de video,pcie_x16,pc_escritorio,pcie_x16|fuente_atx,,notebook|macos,Va en la ranura PCIe de una PC de escritorio y necesita una fuente con la potencia y los conectores que pide. En una notebook no se puede poner.
MSI,Gaming X RTX 4070 Ti Super,placa de video,pcie_x16,pc_escritorio,pcie_x16|fuente_atx,,notebook|macos,Va en la ranura PCIe de una PC de escritorio y necesita una fuente con la potencia y los conectores que pide. En una notebook no se puede poner.
MSI,Gaming X RX 7600,placa de video,pcie_x16,pc_escritorio,pcie_x16|fuente_atx,,notebook|macos,Va en la ranura PCIe de una PC de escritorio y necesita una fuente con la potencia y los conectores que pide. En una notebook no se puede poner.
MSI,Ventus 2X RTX 4070 Super,placa de video,pcie_x16,pc_escritorio,pcie_x16|fuente_atx,,notebook|macos,Va en la ranura PCIe de una PC de escritorio y necesita una fuente con la potencia y los conectores que pide. En una notebook no se puede poner.
PowerColor,Hellhound RX 7800 XT,placa de video,pcie_x16,pc_escritorio,pcie_x16|fuente_atx,,notebook|macos,Va en la ranura PCIe de una PC de escritorio y necesita una fuente con la potencia y los conectores que pide. En una notebook no se puede poner.
PowerColor,Red Devil RX 7900 XT,placa de video,pcie_x16,pc_escritorio,pcie_x16|fuente_atx,,notebook|macos,Va en la ranura PCIe de una PC de escritorio y necesita una fuente con la potencia y los conectores que pide. En una notebook no se puede poner.
Sapphire,Nitro+ RX 7800 XT,placa de video,pcie_x16,pc_escritorio,pcie_x16|fuente_atx,,notebook|macos,Va en la ranura PCIe de una PC de escritorio y necesita una fuente con la potencia y los conectores que pide. En una notebook no se puede poner.
Sapphire,Pulse RX 7700 XT,placa de video,pcie_x16,pc_escritorio,pcie_x16|fuente_atx,,notebook|macos,Va en la ranura PCIe de una PC de escritorio y necesita una fuente con la potencia y los conectores que pide. En una notebook no se puede poner.
XFX,Speedster RX 7700 XT,placa de video,pcie_x16,pc_escritorio,pcie_x16|fuente_atx,,notebook|macos,Va en la ranura PCIe de una PC de escritorio y necesita una fuente con la potencia y los conectores que pide. En una notebook no se puede poner.
Zotac,Trinity RTX 4070,placa de video,pcie_x16,pc_escritorio,pcie_x16|fuente_atx,,notebook|macos,Va en la ranura PCIe de una PC de escritorio y necesita una fuente con la potencia y los conectores que pide. En una notebook no se puede poner.
Zotac,Twin Edge RTX 4060 Ti,placa de video,pcie_x16,pc_escritorio,pcie_x16|fuente_atx,,notebook|macos,Va en la ranura PCIe de una PC de escritorio y necesita una fuente con la potencia y los conectores que pide. En una notebook no se puede poner.
AMD,Ryzen 5 5500,procesador,socket_am4,pc_escritorio,socket_am4,,notebook|macos,Va en placas con ese zocalo. No trae video integrado: necesita una placa de video para dar imagen.
AMD,Ryzen 5 5600,procesador,socket_am4,pc_escritorio,socket_am4,,notebook|macos,Va en placas con ese zocalo. No trae video integrado: necesita una placa de video para dar imagen.
AMD,Ryzen 5 5600X,procesador,socket_am4,pc_escritorio,socket_am4,,notebook|macos,Va en placas con ese zocalo. No trae video integrado: necesita una placa de video para dar imagen.
AMD,Ryzen 5 7500F,procesador,socket_am5,pc_escritorio,socket_am5,,notebook|macos,Va en placas con ese zocalo. No trae video integrado: necesita una placa de video para dar imagen.
AMD,Ryzen 5 7600,procesador,socket_am5,pc_escritorio,socket_am5,,notebook|macos,"Va en placas con ese zocalo. Trae video integrado, o sea que da imagen sin placa de video."
AMD,Ryzen 5 8400F,procesador,socket_am5,pc_escritorio,socket_am5,,notebook|macos,Va en placas con ese zocalo. No trae video integrado: necesita una placa de video para dar imagen.
AMD,Ryzen 7 5800X3D,procesador,socket_am4,pc_escritorio,socket_am4,,notebook|macos,Va en placas con ese zocalo. No trae video integrado: necesita una placa de video para dar imagen.
AMD,Ryzen 7 7700X,procesador,socket_am5,pc_escritorio,socket_am5,,notebook|macos,"Va en placas con ese zocalo. Trae video integrado, o sea que da imagen sin placa de video."
AMD,Ryzen 7 7800X3D,procesador,socket_am5,pc_escritorio,socket_am5,,notebook|macos,"Va en placas con ese zocalo. Trae video integrado, o sea que da imagen sin placa de video."
AMD,Ryzen 9 7900X,procesador,socket_am5,pc_escritorio,socket_am5,,notebook|macos,"Va en placas con ese zocalo. Trae video integrado, o sea que da imagen sin placa de video."
Intel,Core i3-12100F,procesador,socket_lga1700,pc_escritorio,socket_lga1700,,notebook|macos,Va en placas con ese zocalo. No trae video integrado: necesita una placa de video para dar imagen.
Intel,Core i3-14100F,procesador,socket_lga1700,pc_escritorio,socket_lga1700,,notebook|macos,Va en placas con ese zocalo. No trae video integrado: necesita una placa de video para dar imagen.
Intel,Core i5-12400F,procesador,socket_lga1700,pc_escritorio,socket_lga1700,,notebook|macos,Va en placas con ese zocalo. No trae video integrado: necesita una placa de video para dar imagen.
Intel,Core i5-13400F,procesador,socket_lga1700,pc_escritorio,socket_lga1700,,notebook|macos,Va en placas con ese zocalo. No trae video integrado: necesita una placa de video para dar imagen.
Intel,Core i5-13600KF,procesador,socket_lga1700,pc_escritorio,socket_lga1700,,notebook|macos,Va en placas con ese zocalo. No trae video integrado: necesita una placa de video para dar imagen.
Intel,Core i5-14600KF,procesador,socket_lga1700,pc_escritorio,socket_lga1700,,notebook|macos,Va en placas con ese zocalo. No trae video integrado: necesita una placa de video para dar imagen.
Intel,Core i7-13700KF,procesador,socket_lga1700,pc_escritorio,socket_lga1700,,notebook|macos,Va en placas con ese zocalo. No trae video integrado: necesita una placa de video para dar imagen.
Intel,Core i7-14700KF,procesador,socket_lga1700,pc_escritorio,socket_lga1700,,notebook|macos,Va en placas con ese zocalo. No trae video integrado: necesita una placa de video para dar imagen.
Intel,Core i9-14900K,procesador,socket_lga1700,pc_escritorio,socket_lga1700,,notebook|macos,"Va en placas con ese zocalo. Trae video integrado, o sea que da imagen sin placa de video."
Mercusys,Halo H30G,router,wifi|rj45,windows|macos|linux|notebook|pc_escritorio|android|ios|smart_tv|ps5|ps4|xbox|nintendo_switch,rj45,,,Sistema mesh: se conecta al modem de tu proveedor por cable de red y repite la señal por toda la casa.
Mercusys,MR70X,router,wifi|rj45,windows|macos|linux|notebook|pc_escritorio|android|ios|smart_tv|ps5|ps4|xbox|nintendo_switch,rj45,,,Se conecta al modem de tu proveedor por cable de red. Le anda cualquier equipo con WiFi.
TP-Link,Archer AX23,router,wifi|rj45,windows|macos|linux|notebook|pc_escritorio|android|ios|smart_tv|ps5|ps4|xbox|nintendo_switch,rj45,,,Se conecta al modem de tu proveedor por cable de red. Le anda cualquier equipo con WiFi.
TP-Link,Archer AX55,router,wifi|rj45,windows|macos|linux|notebook|pc_escritorio|android|ios|smart_tv|ps5|ps4|xbox|nintendo_switch,rj45,,,Se conecta al modem de tu proveedor por cable de red. Le anda cualquier equipo con WiFi.
TP-Link,Archer AX73,router,wifi|rj45,windows|macos|linux|notebook|pc_escritorio|android|ios|smart_tv|ps5|ps4|xbox|nintendo_switch,rj45,,,Se conecta al modem de tu proveedor por cable de red. Le anda cualquier equipo con WiFi.
TP-Link,Archer C6,router,wifi|rj45,windows|macos|linux|notebook|pc_escritorio|android|ios|smart_tv|ps5|ps4|xbox|nintendo_switch,rj45,,,Se conecta al modem de tu proveedor por cable de red. Le anda cualquier equipo con WiFi.
TP-Link,Deco M4 Mesh,router,wifi|rj45,windows|macos|linux|notebook|pc_escritorio|android|ios|smart_tv|ps5|ps4|xbox|nintendo_switch,rj45,,,Sistema mesh: se conecta al modem de tu proveedor por cable de red y repite la señal por toda la casa.
TP-Link,Deco X50 Mesh,router,wifi|rj45,windows|macos|linux|notebook|pc_escritorio|android|ios|smart_tv|ps5|ps4|xbox|nintendo_switch,rj45,,,Sistema mesh: se conecta al modem de tu proveedor por cable de red y repite la señal por toda la casa.
Tenda,AC10,router,wifi|rj45,windows|macos|linux|notebook|pc_escritorio|android|ios|smart_tv|ps5|ps4|xbox|nintendo_switch,rj45,,,Se conecta al modem de tu proveedor por cable de red. Le anda cualquier equipo con WiFi.
Tenda,AC8,router,wifi|rj45,windows|macos|linux|notebook|pc_escritorio|android|ios|smart_tv|ps5|ps4|xbox|nintendo_switch,rj45,,,Se conecta al modem de tu proveedor por cable de red. Le anda cualquier equipo con WiFi.
Tenda,Nova MW6 Mesh,router,wifi|rj45,windows|macos|linux|notebook|pc_escritorio|android|ios|smart_tv|ps5|ps4|xbox|nintendo_switch,rj45,,,Sistema mesh: se conecta al modem de tu proveedor por cable de red y repite la señal por toda la casa.
Corsair,TC100 Relaxed,silla gamer,,,,,,No se conecta a nada: no tiene requisitos de compatibilidad con tu equipo.
Cougar,Armor S,silla gamer,,,,,,No se conecta a nada: no tiene requisitos de compatibilidad con tu equipo.
Cougar,Fusion,silla gamer,,,,,,No se conecta a nada: no tiene requisitos de compatibilidad con tu equipo.
DT3,Elise,silla gamer,,,,,,No se conecta a nada: no tiene requisitos de compatibilidad con tu equipo.
Gamemax,GCR07,silla gamer,,,,,,No se conecta a nada: no tiene requisitos de compatibilidad con tu equipo.
Gamemax,GCR08,silla gamer,,,,,,No se conecta a nada: no tiene requisitos de compatibilidad con tu equipo.
Noblechairs,Epic,silla gamer,,,,,,No se conecta a nada: no tiene requisitos de compatibilidad con tu equipo.
Noblechairs,Hero,silla gamer,,,,,,No se conecta a nada: no tiene requisitos de compatibilidad con tu equipo.
ProSeat,Ergo Mesh,silla gamer,,,,,,No se conecta a nada: no tiene requisitos de compatibilidad con tu equipo.
Redragon,Coeus,silla gamer,,,,,,No se conecta a nada: no tiene requisitos de compatibilidad con tu equipo.
Redragon,Fishbones,silla gamer,,,,,,No se conecta a nada: no tiene requisitos de compatibilidad con tu equipo.
Redragon,Gaia,silla gamer,,,,,,No se conecta a nada: no tiene requisitos de compatibilidad con tu equipo.
Redragon,King of War,silla gamer,,,,,,No se conecta a nada: no tiene requisitos de compatibilidad con tu equipo.
ADATA,Legend 800 1TB,ssd,ranura_m2_nvme,pc_escritorio|notebook,ranura_m2_nvme,,,Formato M.2 NVMe: necesita una ranura M.2 libre en la placa o en la notebook.
ADATA,Legend 800 2TB,ssd,ranura_m2_nvme,pc_escritorio|notebook,ranura_m2_nvme,,,Formato M.2 NVMe: necesita una ranura M.2 libre en la placa o en la notebook.
ADATA,Legend 800 500GB,ssd,ranura_m2_nvme,pc_escritorio|notebook,ranura_m2_nvme,,,Formato M.2 NVMe: necesita una ranura M.2 libre en la placa o en la notebook.
Crucial,MX500 SATA 1TB,ssd,conector_sata,pc_escritorio|notebook,conector_sata,,,Formato 2.5 pulgadas SATA: entra en cualquier PC y en la notebook que tenga bahia de disco.
Crucial,MX500 SATA 2TB,ssd,conector_sata,pc_escritorio|notebook,conector_sata,,,Formato 2.5 pulgadas SATA: entra en cualquier PC y en la notebook que tenga bahia de disco.
Crucial,MX500 SATA 500GB,ssd,conector_sata,pc_escritorio|notebook,conector_sata,,,Formato 2.5 pulgadas SATA: entra en cualquier PC y en la notebook que tenga bahia de disco.
Crucial,P3 Plus 1TB,ssd,ranura_m2_nvme,pc_escritorio|notebook,ranura_m2_nvme,,,Formato M.2 NVMe: necesita una ranura M.2 libre en la placa o en la notebook.
Crucial,P3 Plus 2TB,ssd,ranura_m2_nvme,pc_escritorio|notebook,ranura_m2_nvme,,,Formato M.2 NVMe: necesita una ranura M.2 libre en la placa o en la notebook.
Crucial,P3 Plus 500GB,ssd,ranura_m2_nvme,pc_escritorio|notebook,ranura_m2_nvme,,,Formato M.2 NVMe: necesita una ranura M.2 libre en la placa o en la notebook.
Crucial,P5 Plus 1TB,ssd,ranura_m2_nvme,pc_escritorio|notebook|ps5,ranura_m2_nvme,,,"Formato M.2 NVMe: necesita una ranura M.2 libre en la placa o en la notebook. Sirve para ampliar la PlayStation 5, que pide que le pongas un disipador."
Crucial,P5 Plus 2TB,ssd,ranura_m2_nvme,pc_escritorio|notebook|ps5,ranura_m2_nvme,,,"Formato M.2 NVMe: necesita una ranura M.2 libre en la placa o en la notebook. Sirve para ampliar la PlayStation 5, que pide que le pongas un disipador."
Crucial,P5 Plus 500GB,ssd,ranura_m2_nvme,pc_escritorio|notebook|ps5,ranura_m2_nvme,,,"Formato M.2 NVMe: necesita una ranura M.2 libre en la placa o en la notebook. Sirve para ampliar la PlayStation 5, que pide que le pongas un disipador."
Crucial,T500 1TB,ssd,ranura_m2_nvme,pc_escritorio|notebook|ps5,ranura_m2_nvme,,,"Formato M.2 NVMe: necesita una ranura M.2 libre en la placa o en la notebook. Sirve para ampliar la PlayStation 5, que pide que le pongas un disipador."
Crucial,T500 2TB,ssd,ranura_m2_nvme,pc_escritorio|notebook|ps5,ranura_m2_nvme,,,"Formato M.2 NVMe: necesita una ranura M.2 libre en la placa o en la notebook. Sirve para ampliar la PlayStation 5, que pide que le pongas un disipador."
Crucial,T500 500GB,ssd,ranura_m2_nvme,pc_escritorio|notebook|ps5,ranura_m2_nvme,,,"Formato M.2 NVMe: necesita una ranura M.2 libre en la placa o en la notebook. Sirve para ampliar la PlayStation 5, que pide que le pongas un disipador."
Kingston,A400 SATA 1TB,ssd,conector_sata,pc_escritorio|notebook,conector_sata,,,Formato 2.5 pulgadas SATA: entra en cualquier PC y en la notebook que tenga bahia de disco.
Kingston,A400 SATA 2TB,ssd,conector_sata,pc_escritorio|notebook,conector_sata,,,Formato 2.5 pulgadas SATA: entra en cualquier PC y en la notebook que tenga bahia de disco.
Kingston,A400 SATA 500GB,ssd,conector_sata,pc_escritorio|notebook,conector_sata,,,Formato 2.5 pulgadas SATA: entra en cualquier PC y en la notebook que tenga bahia de disco.
Kingston,Fury Renegade 1TB,ssd,ranura_m2_nvme,pc_escritorio|notebook|ps5,ranura_m2_nvme,,,"Formato M.2 NVMe: necesita una ranura M.2 libre en la placa o en la notebook. Sirve para ampliar la PlayStation 5, que pide que le pongas un disipador."
Kingston,Fury Renegade 2TB,ssd,ranura_m2_nvme,pc_escritorio|notebook|ps5,ranura_m2_nvme,,,"Formato M.2 NVMe: necesita una ranura M.2 libre en la placa o en la notebook. Sirve para ampliar la PlayStation 5, que pide que le pongas un disipador."
Kingston,Fury Renegade 500GB,ssd,ranura_m2_nvme,pc_escritorio|notebook|ps5,ranura_m2_nvme,,,"Formato M.2 NVMe: necesita una ranura M.2 libre en la placa o en la notebook. Sirve para ampliar la PlayStation 5, que pide que le pongas un disipador."
Kingston,KC3000 1TB,ssd,ranura_m2_nvme,pc_escritorio|notebook|ps5,ranura_m2_nvme,,,"Formato M.2 NVMe: necesita una ranura M.2 libre en la placa o en la notebook. Sirve para ampliar la PlayStation 5, que pide que le pongas un disipador."
Kingston,KC3000 2TB,ssd,ranura_m2_nvme,pc_escritorio|notebook|ps5,ranura_m2_nvme,,,"Formato M.2 NVMe: necesita una ranura M.2 libre en la placa o en la notebook. Sirve para ampliar la PlayStation 5, que pide que le pongas un disipador."
Kingston,KC3000 500GB,ssd,ranura_m2_nvme,pc_escritorio|notebook|ps5,ranura_m2_nvme,,,"Formato M.2 NVMe: necesita una ranura M.2 libre en la placa o en la notebook. Sirve para ampliar la PlayStation 5, que pide que le pongas un disipador."
Kingston,NV2 1TB,ssd,ranura_m2_nvme,pc_escritorio|notebook,ranura_m2_nvme,,,Formato M.2 NVMe: necesita una ranura M.2 libre en la placa o en la notebook.
Kingston,NV2 2TB,ssd,ranura_m2_nvme,pc_escritorio|notebook,ranura_m2_nvme,,,Formato M.2 NVMe: necesita una ranura M.2 libre en la placa o en la notebook.
Kingston,NV2 500GB,ssd,ranura_m2_nvme,pc_escritorio|notebook,ranura_m2_nvme,,,Formato M.2 NVMe: necesita una ranura M.2 libre en la placa o en la notebook.
Lexar,NM620 1TB,ssd,ranura_m2_nvme,pc_escritorio|notebook,ranura_m2_nvme,,,Formato M.2 NVMe: necesita una ranura M.2 libre en la placa o en la notebook.
Lexar,NM620 2TB,ssd,ranura_m2_nvme,pc_escritorio|notebook,ranura_m2_nvme,,,Formato M.2 NVMe: necesita una ranura M.2 libre en la placa o en la notebook.
Lexar,NM620 500GB,ssd,ranura_m2_nvme,pc_escritorio|notebook,ranura_m2_nvme,,,Formato M.2 NVMe: necesita una ranura M.2 libre en la placa o en la notebook.
Samsung,870 EVO SATA 1TB,ssd,conector_sata,pc_escritorio|notebook,conector_sata,,,Formato 2.5 pulgadas SATA: entra en cualquier PC y en la notebook que tenga bahia de disco.
Samsung,870 EVO SATA 2TB,ssd,conector_sata,pc_escritorio|notebook,conector_sata,,,Formato 2.5 pulgadas SATA: entra en cualquier PC y en la notebook que tenga bahia de disco.
Samsung,870 EVO SATA 500GB,ssd,conector_sata,pc_escritorio|notebook,conector_sata,,,Formato 2.5 pulgadas SATA: entra en cualquier PC y en la notebook que tenga bahia de disco.
Samsung,970 EVO Plus 1TB,ssd,ranura_m2_nvme,pc_escritorio|notebook,ranura_m2_nvme,,,Formato M.2 NVMe: necesita una ranura M.2 libre en la placa o en la notebook.
Samsung,970 EVO Plus 2TB,ssd,ranura_m2_nvme,pc_escritorio|notebook,ranura_m2_nvme,,,Formato M.2 NVMe: necesita una ranura M.2 libre en la placa o en la notebook.
Samsung,970 EVO Plus 500GB,ssd,ranura_m2_nvme,pc_escritorio|notebook,ranura_m2_nvme,,,Formato M.2 NVMe: necesita una ranura M.2 libre en la placa o en la notebook.
Samsung,980 1TB,ssd,ranura_m2_nvme,pc_escritorio|notebook,ranura_m2_nvme,,,Formato M.2 NVMe: necesita una ranura M.2 libre en la placa o en la notebook.
Samsung,980 2TB,ssd,ranura_m2_nvme,pc_escritorio|notebook,ranura_m2_nvme,,,Formato M.2 NVMe: necesita una ranura M.2 libre en la placa o en la notebook.
Samsung,980 500GB,ssd,ranura_m2_nvme,pc_escritorio|notebook,ranura_m2_nvme,,,Formato M.2 NVMe: necesita una ranura M.2 libre en la placa o en la notebook.
Samsung,980 PRO 1TB,ssd,ranura_m2_nvme,pc_escritorio|notebook|ps5,ranura_m2_nvme,,,"Formato M.2 NVMe: necesita una ranura M.2 libre en la placa o en la notebook. Sirve para ampliar la PlayStation 5, que pide que le pongas un disipador."
Samsung,980 PRO 2TB,ssd,ranura_m2_nvme,pc_escritorio|notebook|ps5,ranura_m2_nvme,,,"Formato M.2 NVMe: necesita una ranura M.2 libre en la placa o en la notebook. Sirve para ampliar la PlayStation 5, que pide que le pongas un disipador."
Samsung,980 PRO 500GB,ssd,ranura_m2_nvme,pc_escritorio|notebook|ps5,ranura_m2_nvme,,,"Formato M.2 NVMe: necesita una ranura M.2 libre en la placa o en la notebook. Sirve para ampliar la PlayStation 5, que pide que le pongas un disipador."
Samsung,990 PRO 1TB,ssd,ranura_m2_nvme,pc_escritorio|notebook|ps5,ranura_m2_nvme,,,"Formato M.2 NVMe: necesita una ranura M.2 libre en la placa o en la notebook. Sirve para ampliar la PlayStation 5, que pide que le pongas un disipador."
Samsung,990 PRO 2TB,ssd,ranura_m2_nvme,pc_escritorio|notebook|ps5,ranura_m2_nvme,,,"Formato M.2 NVMe: necesita una ranura M.2 libre en la placa o en la notebook. Sirve para ampliar la PlayStation 5, que pide que le pongas un disipador."
Samsung,990 PRO 500GB,ssd,ranura_m2_nvme,pc_escritorio|notebook|ps5,ranura_m2_nvme,,,"Formato M.2 NVMe: necesita una ranura M.2 libre en la placa o en la notebook. Sirve para ampliar la PlayStation 5, que pide que le pongas un disipador."
Seagate,FireCuda 530 1TB,ssd,ranura_m2_nvme,pc_escritorio|notebook|ps5,ranura_m2_nvme,,,"Formato M.2 NVMe: necesita una ranura M.2 libre en la placa o en la notebook. Sirve para ampliar la PlayStation 5, que pide que le pongas un disipador."
Seagate,FireCuda 530 2TB,ssd,ranura_m2_nvme,pc_escritorio|notebook|ps5,ranura_m2_nvme,,,"Formato M.2 NVMe: necesita una ranura M.2 libre en la placa o en la notebook. Sirve para ampliar la PlayStation 5, que pide que le pongas un disipador."
Seagate,FireCuda 530 500GB,ssd,ranura_m2_nvme,pc_escritorio|notebook|ps5,ranura_m2_nvme,,,"Formato M.2 NVMe: necesita una ranura M.2 libre en la placa o en la notebook. Sirve para ampliar la PlayStation 5, que pide que le pongas un disipador."
Western Digital,Black SN770 1TB,ssd,ranura_m2_nvme,pc_escritorio|notebook|ps5,ranura_m2_nvme,,,"Formato M.2 NVMe: necesita una ranura M.2 libre en la placa o en la notebook. Sirve para ampliar la PlayStation 5, que pide que le pongas un disipador."
Western Digital,Black SN770 2TB,ssd,ranura_m2_nvme,pc_escritorio|notebook|ps5,ranura_m2_nvme,,,"Formato M.2 NVMe: necesita una ranura M.2 libre en la placa o en la notebook. Sirve para ampliar la PlayStation 5, que pide que le pongas un disipador."
Western Digital,Black SN770 500GB,ssd,ranura_m2_nvme,pc_escritorio|notebook|ps5,ranura_m2_nvme,,,"Formato M.2 NVMe: necesita una ranura M.2 libre en la placa o en la notebook. Sirve para ampliar la PlayStation 5, que pide que le pongas un disipador."
Western Digital,Black SN850X 1TB,ssd,ranura_m2_nvme,pc_escritorio|notebook|ps5,ranura_m2_nvme,,,"Formato M.2 NVMe: necesita una ranura M.2 libre en la placa o en la notebook. Sirve para ampliar la PlayStation 5, que pide que le pongas un disipador."
Western Digital,Black SN850X 2TB,ssd,ranura_m2_nvme,pc_escritorio|notebook|ps5,ranura_m2_nvme,,,"Formato M.2 NVMe: necesita una ranura M.2 libre en la placa o en la notebook. Sirve para ampliar la PlayStation 5, que pide que le pongas un disipador."
Western Digital,Black SN850X 500GB,ssd,ranura_m2_nvme,pc_escritorio|notebook|ps5,ranura_m2_nvme,,,"Formato M.2 NVMe: necesita una ranura M.2 libre en la placa o en la notebook. Sirve para ampliar la PlayStation 5, que pide que le pongas un disipador."
Western Digital,Blue SN580 1TB,ssd,ranura_m2_nvme,pc_escritorio|notebook,ranura_m2_nvme,,,Formato M.2 NVMe: necesita una ranura M.2 libre en la placa o en la notebook.
Western Digital,Blue SN580 2TB,ssd,ranura_m2_nvme,pc_escritorio|notebook,ranura_m2_nvme,,,Formato M.2 NVMe: necesita una ranura M.2 libre en la placa o en la notebook.
Western Digital,Blue SN580 500GB,ssd,ranura_m2_nvme,pc_escritorio|notebook,ranura_m2_nvme,,,Formato M.2 NVMe: necesita una ranura M.2 libre en la placa o en la notebook.
Western Digital,Green SATA 1TB,ssd,conector_sata,pc_escritorio|notebook,conector_sata,,,Formato 2.5 pulgadas SATA: entra en cualquier PC y en la notebook que tenga bahia de disco.
Western Digital,Green SATA 2TB,ssd,conector_sata,pc_escritorio|notebook,conector_sata,,,Formato 2.5 pulgadas SATA: entra en cualquier PC y en la notebook que tenga bahia de disco.
Western Digital,Green SATA 500GB,ssd,conector_sata,pc_escritorio|notebook,conector_sata,,,Formato 2.5 pulgadas SATA: entra en cualquier PC y en la notebook que tenga bahia de disco.
Lenovo,Tab M10,tablet,puerto_usb_c|bluetooth|wifi,android,,puerto_usb_c|bluetooth|wifi,,Es Android y carga por USB-C. Le andan los teclados y auriculares Bluetooth.
Lenovo,Tab M11,tablet,puerto_usb_c|bluetooth|wifi,android,,puerto_usb_c|bluetooth|wifi,,Es Android y carga por USB-C. Le andan los teclados y auriculares Bluetooth.
Lenovo,Tab P11,tablet,puerto_usb_c|bluetooth|wifi,android,,puerto_usb_c|bluetooth|wifi,,Es Android y carga por USB-C. Le andan los teclados y auriculares Bluetooth.
Samsung,Galaxy Tab A8,tablet,puerto_usb_c|bluetooth|wifi,android,,puerto_usb_c|bluetooth|wifi,,Es Android y carga por USB-C. Le andan los teclados y auriculares Bluetooth.
Samsung,Galaxy Tab A9,tablet,puerto_usb_c|bluetooth|wifi,android,,puerto_usb_c|bluetooth|wifi,,Es Android y carga por USB-C. Le andan los teclados y auriculares Bluetooth.
Samsung,Galaxy Tab S6 Lite,tablet,puerto_usb_c|bluetooth|wifi,android,,puerto_usb_c|bluetooth|wifi,,Es Android y carga por USB-C. Le andan los teclados y auriculares Bluetooth.
Samsung,Galaxy Tab S9 FE,tablet,puerto_usb_c|bluetooth|wifi,android,,puerto_usb_c|bluetooth|wifi,,Es Android y carga por USB-C. Le andan los teclados y auriculares Bluetooth.
Xiaomi,Pad 6,tablet,puerto_usb_c|bluetooth|wifi,android,,puerto_usb_c|bluetooth|wifi,,Es Android y carga por USB-C. Le andan los teclados y auriculares Bluetooth.
Xiaomi,Redmi Pad SE,tablet,puerto_usb_c|bluetooth|wifi,android,,puerto_usb_c|bluetooth|wifi,,Es Android y carga por USB-C. Le andan los teclados y auriculares Bluetooth.
Asus,ROG Strix Scope II,teclado,puerto_usb_a,windows|macos|linux|notebook|pc_escritorio,puerto_usb_a,,,Con cable USB: entra en cualquier puerto USB libre.
Corsair,K55 RGB Pro,teclado,puerto_usb_a,windows|macos|linux|notebook|pc_escritorio,puerto_usb_a,,,Con cable USB: entra en cualquier puerto USB libre.
Corsair,K70 RGB Pro,teclado,puerto_usb_a,windows|macos|linux|notebook|pc_escritorio,puerto_usb_a,,,Con cable USB: entra en cualquier puerto USB libre.
Genius,KB-110X,teclado,puerto_usb_a,windows|macos|linux|notebook|pc_escritorio,puerto_usb_a,,,Con cable USB: entra en cualquier puerto USB libre.
Genius,Slimstar 130,teclado,puerto_usb_a,windows|macos|linux|notebook|pc_escritorio,puerto_usb_a,,,Con cable USB: entra en cualquier puerto USB libre.
HyperX,Alloy Core RGB,teclado,puerto_usb_a,windows|macos|linux|notebook|pc_escritorio,puerto_usb_a,,,Con cable USB: entra en cualquier puerto USB libre.
HyperX,Alloy Origins 60,teclado,puerto_usb_a,windows|macos|linux|notebook|pc_escritorio,puerto_usb_a,,,Con cable USB: entra en cualquier puerto USB libre.
HyperX,Alloy Origins Core,teclado,puerto_usb_a,windows|macos|linux|notebook|pc_escritorio,puerto_usb_a,,,Con cable USB: entra en cualquier puerto USB libre.
Keychron,K2,teclado,bluetooth|puerto_usb_c,windows|macos|linux|notebook|pc_escritorio,bluetooth|puerto_usb_a|puerto_usb_c,,,Anda por Bluetooth o con su cable USB-C; no trae receptor aparte.
Keychron,V3,teclado,puerto_usb_c,windows|macos|linux|notebook|pc_escritorio,puerto_usb_a|puerto_usb_c,,,Cable desmontable USB-C del lado del teclado; del otro lado entra en un USB comun.
Logitech,G213 Prodigy,teclado,puerto_usb_a,windows|macos|linux|notebook|pc_escritorio,puerto_usb_a,,,Con cable USB: entra en cualquier puerto USB libre.
Logitech,G413 TKL SE,teclado,puerto_usb_a,windows|macos|linux|notebook|pc_escritorio,puerto_usb_a,,,Con cable USB: entra en cualquier puerto USB libre.
Logitech,G915 TKL,teclado,bluetooth|receptor_usb,windows|macos|linux|notebook|pc_escritorio,puerto_usb_a|bluetooth,,,"Anda por Bluetooth o con su receptor USB, lo que tengas a mano."
Logitech,K120,teclado,puerto_usb_a,windows|macos|linux|notebook|pc_escritorio,puerto_usb_a,,,Con cable USB: entra en cualquier puerto USB libre.
Logitech,K380,teclado,bluetooth,windows|macos|linux|notebook|pc_escritorio|android|ios,bluetooth,,,"Bluetooth multidispositivo: se empareja con la compu, el celular o la tablet y se cambia con un boton."
Logitech,MX Keys S,teclado,bluetooth|receptor_usb,windows|macos|linux|notebook|pc_escritorio,puerto_usb_a|bluetooth,,,"Anda por Bluetooth o con su receptor USB, lo que tengas a mano."
Razer,BlackWidow V4,teclado,puerto_usb_a,windows|macos|linux|notebook|pc_escritorio,puerto_usb_a,,,Con cable USB: entra en cualquier puerto USB libre.
Razer,Huntsman Mini,teclado,puerto_usb_a,windows|macos|linux|notebook|pc_escritorio,puerto_usb_a,,,Con cable USB: entra en cualquier puerto USB libre.
Razer,Huntsman V3 Pro,teclado,puerto_usb_a,windows|macos|linux|notebook|pc_escritorio,puerto_usb_a,,,Con cable USB: entra en cualquier puerto USB libre.
Razer,Ornata V3,teclado,puerto_usb_a,windows|macos|linux|notebook|pc_escritorio,puerto_usb_a,,,Con cable USB: entra en cualquier puerto USB libre.
Redragon,K617 Fizz,teclado,puerto_usb_a,windows|macos|linux|notebook|pc_escritorio,puerto_usb_a,,,Con cable USB: entra en cualquier puerto USB libre.
Redragon,Kumara K552,teclado,puerto_usb_a,windows|macos|linux|notebook|pc_escritorio,puerto_usb_a,,,Con cable USB: entra en cualquier puerto USB libre.
Redragon,Vara K551,teclado,puerto_usb_a,windows|macos|linux|notebook|pc_escritorio,puerto_usb_a,,,Con cable USB: entra en cualquier puerto USB libre.
Redragon,Vata K580,teclado,puerto_usb_a,windows|macos|linux|notebook|pc_escritorio,puerto_usb_a,,,Con cable USB: entra en cualquier puerto USB libre.
AverMedia,PW313,webcam,puerto_usb_a,windows|macos|linux|notebook|pc_escritorio,puerto_usb_a|puerto_usb_c,,,"USB plug and play: anda en Zoom, Meet y cualquier programa de video sin instalar nada."
Genius,FaceCam 2000X,webcam,puerto_usb_a,windows|macos|linux|notebook|pc_escritorio,puerto_usb_a|puerto_usb_c,,,"USB plug and play: anda en Zoom, Meet y cualquier programa de video sin instalar nada."
Genius,QCam 6000,webcam,puerto_usb_a,windows|macos|linux|notebook|pc_escritorio,puerto_usb_a|puerto_usb_c,,,"USB plug and play: anda en Zoom, Meet y cualquier programa de video sin instalar nada."
Logitech,Brio 100,webcam,puerto_usb_a,windows|macos|linux|notebook|pc_escritorio,puerto_usb_a|puerto_usb_c,,,"USB plug and play: anda en Zoom, Meet y cualquier programa de video sin instalar nada."
Logitech,C270 HD,webcam,puerto_usb_a,windows|macos|linux|notebook|pc_escritorio,puerto_usb_a|puerto_usb_c,,,"USB plug and play: anda en Zoom, Meet y cualquier programa de video sin instalar nada."
Logitech,C920 HD Pro,webcam,puerto_usb_a,windows|macos|linux|notebook|pc_escritorio,puerto_usb_a|puerto_usb_c,,,"USB plug and play: anda en Zoom, Meet y cualquier programa de video sin instalar nada."
Logitech,C922 Pro,webcam,puerto_usb_a,windows|macos|linux|notebook|pc_escritorio,puerto_usb_a|puerto_usb_c,,,"USB plug and play: anda en Zoom, Meet y cualquier programa de video sin instalar nada."
Logitech,StreamCam,webcam,puerto_usb_c,windows|macos|linux|notebook|pc_escritorio,puerto_usb_a|puerto_usb_c,,,"USB plug and play: anda en Zoom, Meet y cualquier programa de video sin instalar nada."
Razer,Kiyo Pro,webcam,puerto_usb_a,windows|macos|linux|notebook|pc_escritorio,puerto_usb_a|puerto_usb_c,,,"USB plug and play: anda en Zoom, Meet y cualquier programa de video sin instalar nada."
Razer,Kiyo X,webcam,puerto_usb_a,windows|macos|linux|notebook|pc_escritorio,puerto_usb_a|puerto_usb_c,,,"USB plug and play: anda en Zoom, Meet y cualquier programa de video sin instalar nada."
